module	loading_stages	disposition	reference_makefiles	target_makefiles	review_rule
adsp_loader_dlkm.ko	modules	unmapped	-	-	same module name is not ABI compatibility; rebuild and validate KMI before staging
adsp_sleepmon.ko	modules	reference_source_only	drivers/soc/qcom/Makefile	-	same module name is not ABI compatibility; rebuild and validate KMI before staging
altmode-glink.ko	modules	reference_source_only	drivers/soc/qcom/Makefile	-	same module name is not ABI compatibility; rebuild and validate KMI before staging
arm_smmu.ko	modules	ack_source_candidate	drivers/iommu/arm/arm-smmu-v3/Makefile;drivers/iommu/arm/arm-smmu/Makefile;drivers/perf/Makefile	drivers/iommu/arm/arm-smmu-v3/Makefile;drivers/iommu/arm/arm-smmu/Makefile	same module name is not ABI compatibility; rebuild and validate KMI before staging
asix.ko	modules	built_6_18_module	drivers/net/usb/Makefile	drivers/net/ethernet/Makefile;drivers/net/usb/Makefile	same module name is not ABI compatibility; rebuild and validate KMI before staging
atmel_mxt_ts.ko	modules	ack_source_candidate	drivers/input/touchscreen/Makefile	drivers/input/touchscreen/Makefile	same module name is not ABI compatibility; rebuild and validate KMI before staging
audio_pkt_dlkm.ko	modules	unmapped	-	-	same module name is not ABI compatibility; rebuild and validate KMI before staging
audio_prm_dlkm.ko	modules	unmapped	-	-	same module name is not ABI compatibility; rebuild and validate KMI before staging
audpkt_ion_dlkm.ko	modules	unmapped	-	-	same module name is not ABI compatibility; rebuild and validate KMI before staging
aw862xx_haptic.ko	modules	reference_source_only	drivers/input/misc/aw8622x_haptic/Makefile	-	same module name is not ABI compatibility; rebuild and validate KMI before staging
aw8697-haptic.ko	modules	reference_source_only	drivers/input/misc/aw86927_haptic/Makefile	-	same module name is not ABI compatibility; rebuild and validate KMI before staging
aw882xx_dlkm.ko	modules	unmapped	-	-	same module name is not ABI compatibility; rebuild and validate KMI before staging
ax88179_178a.ko	modules	built_6_18_module	drivers/net/usb/Makefile	drivers/net/usb/Makefile	same module name is not ABI compatibility; rebuild and validate KMI before staging
bam_dma.ko	modules	ack_source_candidate	drivers/dma/qcom/Makefile	drivers/dma/qcom/Makefile	same module name is not ABI compatibility; rebuild and validate KMI before staging
bcl_pmic5.ko	modules	reference_source_only	drivers/thermal/qcom/Makefile	-	same module name is not ABI compatibility; rebuild and validate KMI before staging
bcl_soc.ko	modules	reference_source_only	drivers/thermal/qcom/Makefile	-	same module name is not ABI compatibility; rebuild and validate KMI before staging
block2mtd.ko	modules	ack_source_candidate	drivers/mtd/devices/Makefile	drivers/mtd/devices/Makefile	same module name is not ABI compatibility; rebuild and validate KMI before staging
boot_stats.ko	modules	reference_source_only	drivers/soc/qcom/Makefile	-	same module name is not ABI compatibility; rebuild and validate KMI before staging
bt_fm_slim.ko	modules	reference_source_only	drivers/bluetooth/Makefile	-	same module name is not ABI compatibility; rebuild and validate KMI before staging
btpower.ko	modules	reference_source_only	drivers/bluetooth/Makefile	-	same module name is not ABI compatibility; rebuild and validate KMI before staging
bwmon.ko	modules	reference_source_only	drivers/soc/qcom/dcvs/Makefile	-	same module name is not ABI compatibility; rebuild and validate KMI before staging
c1dcvs_scmi.ko	modules	reference_source_only	drivers/soc/qcom/dcvs/Makefile	-	same module name is not ABI compatibility; rebuild and validate KMI before staging
c1dcvs_vendor.ko	modules	reference_source_only	drivers/firmware/arm_scmi/Makefile	-	same module name is not ABI compatibility; rebuild and validate KMI before staging
camcc-diwali.ko	modules	reference_source_only	drivers/clk/qcom/Makefile	-	same module name is not ABI compatibility; rebuild and validate KMI before staging
camcc-waipio.ko	modules	reference_source_only	drivers/clk/qcom/Makefile	-	same module name is not ABI compatibility; rebuild and validate KMI before staging
camera.ko	modules	ack_source_candidate	drivers/staging/greybus/Makefile;drivers/staging/media/atomisp/Makefile	drivers/staging/greybus/Makefile;drivers/staging/media/atomisp/Makefile	same module name is not ABI compatibility; rebuild and validate KMI before staging
cdsp-loader.ko	modules	reference_source_only	drivers/soc/qcom/qdsp6v2/Makefile	-	same module name is not ABI compatibility; rebuild and validate KMI before staging
cdsprm.ko	modules	reference_source_only	drivers/soc/qcom/Makefile	-	same module name is not ABI compatibility; rebuild and validate KMI before staging
cfg80211.ko	modules	ack_source_candidate	drivers/net/wireless/ath/ath6kl/Makefile;drivers/net/wireless/ath/wil6210/Makefile;drivers/net/wireless/broadcom/brcm80211/brcmfmac/Makefile;drivers/net/wireless/marvell/mwifiex/Makefile;drivers/net/wireless/microchip/wilc1000/Makefile;drivers/net/wireless/quantenna/qtnfmac/Makefile;net/wireless/Makefile	drivers/net/wireless/ath/ath6kl/Makefile;drivers/net/wireless/ath/wil6210/Makefile;drivers/net/wireless/broadcom/brcm80211/brcmfmac/Makefile;drivers/net/wireless/marvell/mwifiex/Makefile;drivers/net/wireless/microchip/wilc1000/Makefile;drivers/net/wireless/quantenna/qtnfmac/Makefile;net/wireless/Makefile;net/wireless/tests/Makefile	same module name is not ABI compatibility; rebuild and validate KMI before staging
chipreg.ko	modules	ack_source_candidate	drivers/mtd/chips/Makefile	drivers/mtd/chips/Makefile	same module name is not ABI compatibility; rebuild and validate KMI before staging
clk-dummy.ko	modules	reference_source_only	drivers/clk/qcom/Makefile	-	same module name is not ABI compatibility; rebuild and validate KMI before staging
clk-qcom.ko	modules	ack_source_candidate	drivers/clk/qcom/Makefile	drivers/clk/qcom/Makefile	same module name is not ABI compatibility; rebuild and validate KMI before staging
clk-rpmh.ko	modules	ack_source_candidate	drivers/clk/qcom/Makefile	drivers/clk/qcom/Makefile	same module name is not ABI compatibility; rebuild and validate KMI before staging
cmd-db.ko	modules	built_6_18_builtin	drivers/soc/qcom/Makefile	drivers/soc/qcom/Makefile	same module name is not ABI compatibility; rebuild and validate KMI before staging
cnss2.ko	modules	reference_source_only	drivers/net/wireless/Makefile;drivers/net/wireless/cnss2/Makefile	-	same module name is not ABI compatibility; rebuild and validate KMI before staging
cnss_nl.ko	modules	reference_source_only	drivers/net/wireless/cnss_genl/Makefile	-	same module name is not ABI compatibility; rebuild and validate KMI before staging
cnss_plat_ipc_qmi_svc.ko	modules	reference_source_only	drivers/net/wireless/cnss_utils/Makefile	-	same module name is not ABI compatibility; rebuild and validate KMI before staging
cnss_prealloc.ko	modules	reference_source_only	drivers/net/wireless/Makefile;drivers/net/wireless/cnss_prealloc/Makefile	-	same module name is not ABI compatibility; rebuild and validate KMI before staging
cnss_utils.ko	modules	reference_source_only	drivers/net/wireless/Makefile;drivers/net/wireless/cnss2/Makefile;drivers/net/wireless/cnss_utils/Makefile;drivers/soc/qcom/icnss2/Makefile	-	same module name is not ABI compatibility; rebuild and validate KMI before staging
core_hang_detect.ko	modules	reference_source_only	drivers/soc/qcom/Makefile	-	same module name is not ABI compatibility; rebuild and validate KMI before staging
coresight-csr.ko	modules	reference_source_only	drivers/hwtracing/coresight/Makefile	-	same module name is not ABI compatibility; rebuild and validate KMI before staging
coresight-cti.ko	modules	ack_source_candidate	drivers/hwtracing/coresight/Makefile	drivers/hwtracing/coresight/Makefile	same module name is not ABI compatibility; rebuild and validate KMI before staging
coresight-dummy.ko	modules	ack_source_candidate	drivers/hwtracing/coresight/Makefile	drivers/hwtracing/coresight/Makefile	same module name is not ABI compatibility; rebuild and validate KMI before staging
coresight-funnel.ko	modules	ack_source_candidate	drivers/hwtracing/coresight/Makefile	drivers/hwtracing/coresight/Makefile	same module name is not ABI compatibility; rebuild and validate KMI before staging
coresight-hwevent.ko	modules	reference_source_only	drivers/hwtracing/coresight/Makefile	-	same module name is not ABI compatibility; rebuild and validate KMI before staging
coresight-remote-etm.ko	modules	reference_source_only	drivers/hwtracing/coresight/Makefile	-	same module name is not ABI compatibility; rebuild and validate KMI before staging
coresight-replicator.ko	modules	ack_source_candidate	drivers/hwtracing/coresight/Makefile	drivers/hwtracing/coresight/Makefile	same module name is not ABI compatibility; rebuild and validate KMI before staging
coresight-stm.ko	modules	ack_source_candidate	drivers/hwtracing/coresight/Makefile	drivers/hwtracing/coresight/Makefile	same module name is not ABI compatibility; rebuild and validate KMI before staging
coresight-tgu.ko	modules	reference_source_only	drivers/hwtracing/coresight/Makefile	-	same module name is not ABI compatibility; rebuild and validate KMI before staging
coresight-tmc.ko	modules	ack_source_candidate	drivers/hwtracing/coresight/Makefile	drivers/hwtracing/coresight/Makefile	same module name is not ABI compatibility; rebuild and validate KMI before staging
coresight-tpda.ko	modules	ack_source_candidate	drivers/hwtracing/coresight/Makefile	drivers/hwtracing/coresight/Makefile	same module name is not ABI compatibility; rebuild and validate KMI before staging
coresight-tpdm.ko	modules	ack_source_candidate	drivers/hwtracing/coresight/Makefile	drivers/hwtracing/coresight/Makefile	same module name is not ABI compatibility; rebuild and validate KMI before staging
coresight.ko	modules	ack_source_candidate	drivers/Makefile;drivers/hwtracing/coresight/Makefile	drivers/Makefile;drivers/hwtracing/coresight/Makefile;samples/Makefile;samples/coresight/Makefile	same module name is not ABI compatibility; rebuild and validate KMI before staging
cpu_hotplug.ko	modules	ack_source_candidate	drivers/thermal/qcom/Makefile;drivers/xen/Makefile	drivers/xen/Makefile	same module name is not ABI compatibility; rebuild and validate KMI before staging
cpu_voltage_cooling.ko	modules	reference_source_only	drivers/thermal/qcom/Makefile	-	same module name is not ABI compatibility; rebuild and validate KMI before staging
cqhci.ko	modules	ack_source_candidate	drivers/mmc/host/Makefile	drivers/mmc/host/Makefile	same module name is not ABI compatibility; rebuild and validate KMI before staging
crypto-qti-common.ko	modules	reference_source_only	drivers/soc/qcom/Makefile	-	same module name is not ABI compatibility; rebuild and validate KMI before staging
crypto-qti-hwkm.ko	modules	reference_source_only	drivers/soc/qcom/Makefile	-	same module name is not ABI compatibility; rebuild and validate KMI before staging
cs35l41_dlkm.ko	modules	unmapped	-	-	same module name is not ABI compatibility; rebuild and validate KMI before staging
cs35l43_dlkm.ko	modules	unmapped	-	-	same module name is not ABI compatibility; rebuild and validate KMI before staging
dcc_v2.ko	modules	reference_source_only	drivers/soc/qcom/Makefile	-	same module name is not ABI compatibility; rebuild and validate KMI before staging
dcvs_fp.ko	modules	reference_source_only	drivers/soc/qcom/dcvs/Makefile	-	same module name is not ABI compatibility; rebuild and validate KMI before staging
ddr_cdev.ko	modules	reference_source_only	drivers/thermal/qcom/Makefile	-	same module name is not ABI compatibility; rebuild and validate KMI before staging
debugcc-diwali.ko	modules	reference_source_only	drivers/clk/qcom/Makefile	-	same module name is not ABI compatibility; rebuild and validate KMI before staging
debugcc-waipio.ko	modules	reference_source_only	drivers/clk/qcom/Makefile	-	same module name is not ABI compatibility; rebuild and validate KMI before staging
dispcc-diwali.ko	modules	reference_source_only	drivers/clk/qcom/Makefile	-	same module name is not ABI compatibility; rebuild and validate KMI before staging
dispcc-waipio.ko	modules	reference_source_only	drivers/clk/qcom/Makefile	-	same module name is not ABI compatibility; rebuild and validate KMI before staging
dwc3-msm.ko	modules	reference_source_only	drivers/usb/dwc3/Makefile	-	same module name is not ABI compatibility; rebuild and validate KMI before staging
ehset.ko	modules	ack_source_candidate	drivers/usb/misc/Makefile	drivers/usb/misc/Makefile	same module name is not ABI compatibility; rebuild and validate KMI before staging
ep_pcie_drv.ko	modules	reference_source_only	drivers/platform/msm/ep_pcie/Makefile	-	same module name is not ABI compatibility; rebuild and validate KMI before staging
eud.ko	modules	reference_source_only	drivers/soc/qcom/Makefile	-	same module name is not ABI compatibility; rebuild and validate KMI before staging
fan53555.ko	modules	ack_source_candidate	drivers/regulator/Makefile	drivers/regulator/Makefile	same module name is not ABI compatibility; rebuild and validate KMI before staging
focaltech_fts.ko	modules	reference_source_only	drivers/input/touchscreen/focaltech_touch/Makefile	-	same module name is not ABI compatibility; rebuild and validate KMI before staging
fpc1540.ko	modules	reference_source_only	drivers/input/fingerprint/fpc_1540/Makefile	-	same module name is not ABI compatibility; rebuild and validate KMI before staging
frpc-adsprpc.ko	modules	reference_source_only	drivers/char/Makefile	-	same module name is not ABI compatibility; rebuild and validate KMI before staging
fsa4480-i2c.ko	modules	reference_source_only	drivers/soc/qcom/Makefile	-	same module name is not ABI compatibility; rebuild and validate KMI before staging
fts_touch_spi.ko	modules	reference_source_only	drivers/input/touchscreen/fts_spi/Makefile	-	same module name is not ABI compatibility; rebuild and validate KMI before staging
gcc-diwali.ko	modules	reference_source_only	drivers/clk/qcom/Makefile	-	same module name is not ABI compatibility; rebuild and validate KMI before staging
gcc-waipio.ko	modules	reference_source_only	drivers/clk/qcom/Makefile	-	same module name is not ABI compatibility; rebuild and validate KMI before staging
gdsc-regulator.ko	modules	reference_source_only	drivers/clk/qcom/Makefile	-	same module name is not ABI compatibility; rebuild and validate KMI before staging
gh_arm_drv.ko	modules	reference_source_only	arch/arm64/gunyah/Makefile	-	same module name is not ABI compatibility; rebuild and validate KMI before staging
gh_ctrl.ko	modules	reference_source_only	drivers/virt/gunyah/Makefile	-	same module name is not ABI compatibility; rebuild and validate KMI before staging
gh_dbl.ko	modules	reference_source_only	drivers/virt/gunyah/Makefile	-	same module name is not ABI compatibility; rebuild and validate KMI before staging
gh_irq_lend.ko	modules	reference_source_only	drivers/virt/gunyah/Makefile	-	same module name is not ABI compatibility; rebuild and validate KMI before staging
gh_mem_notifier.ko	modules	reference_source_only	drivers/virt/gunyah/Makefile	-	same module name is not ABI compatibility; rebuild and validate KMI before staging
gh_msgq.ko	modules	reference_source_only	drivers/virt/gunyah/Makefile	-	same module name is not ABI compatibility; rebuild and validate KMI before staging
gh_rm_drv.ko	modules	reference_source_only	drivers/virt/gunyah/Makefile	-	same module name is not ABI compatibility; rebuild and validate KMI before staging
gh_virt_wdt.ko	modules	reference_source_only	drivers/virt/gunyah/Makefile	-	same module name is not ABI compatibility; rebuild and validate KMI before staging
gh_virtio_backend.ko	modules	reference_source_only	drivers/virt/gunyah/Makefile	-	same module name is not ABI compatibility; rebuild and validate KMI before staging
glink_pkt.ko	modules	reference_source_only	drivers/soc/qcom/Makefile	-	same module name is not ABI compatibility; rebuild and validate KMI before staging
glink_probe.ko	modules	reference_source_only	drivers/soc/qcom/Makefile	-	same module name is not ABI compatibility; rebuild and validate KMI before staging
goodix_core.ko	modules	reference_source_only	drivers/input/touchscreen/goodix_berlin_driver/Makefile	-	same module name is not ABI compatibility; rebuild and validate KMI before staging
goodix_tee.ko	modules	reference_source_only	drivers/input/fingerprint/Makefile;drivers/input/fingerprint/goodix_tee/Makefile	-	same module name is not ABI compatibility; rebuild and validate KMI before staging
gpi.ko	modules	ack_source_candidate	drivers/dma/qcom/Makefile	drivers/dma/qcom/Makefile	same module name is not ABI compatibility; rebuild and validate KMI before staging
gplaf_scmi.ko	modules	reference_source_only	drivers/soc/qcom/Makefile	-	same module name is not ABI compatibility; rebuild and validate KMI before staging
gplaf_vendor.ko	modules	reference_source_only	drivers/firmware/arm_scmi/Makefile	-	same module name is not ABI compatibility; rebuild and validate KMI before staging
gpr_dlkm.ko	modules	unmapped	-	-	same module name is not ABI compatibility; rebuild and validate KMI before staging
gpucc-diwali.ko	modules	reference_source_only	drivers/clk/qcom/Makefile	-	same module name is not ABI compatibility; rebuild and validate KMI before staging
gpucc-waipio.ko	modules	reference_source_only	drivers/clk/qcom/Makefile	-	same module name is not ABI compatibility; rebuild and validate KMI before staging
gsim.ko	modules	unmapped	-	-	same module name is not ABI compatibility; rebuild and validate KMI before staging
guestvm_loader.ko	modules	reference_source_only	drivers/soc/qcom/Makefile	-	same module name is not ABI compatibility; rebuild and validate KMI before staging
hdcp.ko	modules	ack_source_candidate	drivers/gpu/drm/amd/display/Makefile;drivers/gpu/drm/amd/display/dc/Makefile;drivers/gpu/drm/amd/display/dc/hdcp/Makefile;drivers/gpu/drm/amd/display/modules/hdcp/Makefile;drivers/misc/Makefile;drivers/misc/hdcp/Makefile;drivers/misc/mei/Makefile	drivers/gpu/drm/amd/display/Makefile;drivers/gpu/drm/amd/display/dc/Makefile;drivers/gpu/drm/amd/display/dc/hdcp/Makefile;drivers/gpu/drm/amd/display/modules/hdcp/Makefile;drivers/misc/mei/Makefile	same module name is not ABI compatibility; rebuild and validate KMI before staging
hdmi_dlkm.ko	modules	unmapped	-	-	same module name is not ABI compatibility; rebuild and validate KMI before staging
heap_mem_ext_v01.ko	modules	reference_source_only	drivers/soc/qcom/memshare/Makefile	-	same module name is not ABI compatibility; rebuild and validate KMI before staging
hung_task_enh.ko	modules	reference_source_only	drivers/soc/qcom/Makefile	-	same module name is not ABI compatibility; rebuild and validate KMI before staging
hvc_gunyah.ko	modules	reference_source_only	drivers/tty/hvc/Makefile	-	same module name is not ABI compatibility; rebuild and validate KMI before staging
hwid.ko	modules	reference_source_only	drivers/input/touchscreen/fts_spi/Makefile;drivers/misc/Makefile;drivers/misc/hwid/Makefile;drivers/net/wireless/cnss2/Makefile;drivers/soc/qcom/icnss2/Makefile	-	same module name is not ABI compatibility; rebuild and validate KMI before staging
hwkm.ko	modules	reference_source_only	drivers/soc/qcom/Makefile	-	same module name is not ABI compatibility; rebuild and validate KMI before staging
hwmon.ko	modules	ack_source_candidate	drivers/Makefile;drivers/hwmon/Makefile;drivers/misc/habanalabs/common/Makefile;drivers/nvme/host/Makefile	drivers/Makefile;drivers/accel/habanalabs/common/Makefile;drivers/hwmon/Makefile;drivers/net/ethernet/mellanox/mlx5/core/Makefile;drivers/nvme/host/Makefile;drivers/platform/x86/amd/hsmp/Makefile	same module name is not ABI compatibility; rebuild and validate KMI before staging
hyp_core_ctl.ko	modules	reference_source_only	drivers/soc/qcom/Makefile	-	same module name is not ABI compatibility; rebuild and validate KMI before staging
i2c-msm-geni.ko	modules	reference_source_only	drivers/i2c/busses/Makefile	-	same module name is not ABI compatibility; rebuild and validate KMI before staging
i3c-master-msm-geni.ko	modules	reference_source_only	drivers/i3c/master/Makefile	-	same module name is not ABI compatibility; rebuild and validate KMI before staging
icc-bcm-voter.ko	modules	ack_source_candidate	drivers/interconnect/qcom/Makefile	drivers/interconnect/qcom/Makefile	same module name is not ABI compatibility; rebuild and validate KMI before staging
icc-debug.ko	modules	reference_source_only	drivers/interconnect/qcom/Makefile	-	same module name is not ABI compatibility; rebuild and validate KMI before staging
icc-rpmh.ko	modules	ack_source_candidate	drivers/interconnect/qcom/Makefile	drivers/interconnect/qcom/Makefile	same module name is not ABI compatibility; rebuild and validate KMI before staging
icnss2.ko	modules	reference_source_only	drivers/soc/qcom/Makefile;drivers/soc/qcom/icnss2/Makefile	-	same module name is not ABI compatibility; rebuild and validate KMI before staging
iommu-logger.ko	modules	reference_source_only	drivers/iommu/Makefile	-	same module name is not ABI compatibility; rebuild and validate KMI before staging
ipa_clientsm.ko	modules	unmapped	-	-	same module name is not ABI compatibility; rebuild and validate KMI before staging
ipa_fmwk.ko	modules	reference_source_only	drivers/platform/msm/Makefile;drivers/platform/msm/ipa_fmwk/Makefile	-	same module name is not ABI compatibility; rebuild and validate KMI before staging
ipam.ko	modules	unmapped	-	-	same module name is not ABI compatibility; rebuild and validate KMI before staging
ipanetm.ko	modules	unmapped	-	-	same module name is not ABI compatibility; rebuild and validate KMI before staging
ir-spi.ko	modules	ack_source_candidate	drivers/media/rc/Makefile	drivers/media/rc/Makefile	same module name is not ABI compatibility; rebuild and validate KMI before staging
kryo_arm64_edac.ko	modules	reference_source_only	drivers/edac/Makefile	-	same module name is not ABI compatibility; rebuild and validate KMI before staging
leds-qpnp-vibrator-ldo.ko	modules	reference_source_only	drivers/leds/Makefile	-	same module name is not ABI compatibility; rebuild and validate KMI before staging
leds-qti-flash.ko	modules	reference_source_only	drivers/leds/Makefile	-	same module name is not ABI compatibility; rebuild and validate KMI before staging
leds-qti-tri-led.ko	modules	reference_source_only	drivers/leds/Makefile	-	same module name is not ABI compatibility; rebuild and validate KMI before staging
llcc-qcom.ko	modules	ack_source_candidate	drivers/soc/qcom/Makefile	drivers/soc/qcom/Makefile	same module name is not ABI compatibility; rebuild and validate KMI before staging
llcc_perfmon.ko	modules	reference_source_only	drivers/soc/qcom/Makefile	-	same module name is not ABI compatibility; rebuild and validate KMI before staging
lpass_cdc_dlkm.ko	modules	unmapped	-	-	same module name is not ABI compatibility; rebuild and validate KMI before staging
lpass_cdc_rx_macro_dlkm.ko	modules	unmapped	-	-	same module name is not ABI compatibility; rebuild and validate KMI before staging
lpass_cdc_tx_macro_dlkm.ko	modules	unmapped	-	-	same module name is not ABI compatibility; rebuild and validate KMI before staging
lpass_cdc_va_macro_dlkm.ko	modules	unmapped	-	-	same module name is not ABI compatibility; rebuild and validate KMI before staging
lpass_cdc_wsa2_macro_dlkm.ko	modules	unmapped	-	-	same module name is not ABI compatibility; rebuild and validate KMI before staging
lpass_cdc_wsa_macro_dlkm.ko	modules	unmapped	-	-	same module name is not ABI compatibility; rebuild and validate KMI before staging
lt9611uxc.ko	modules	reference_source_only	drivers/gpu/drm/bridge/Makefile	-	same module name is not ABI compatibility; rebuild and validate KMI before staging
lvstest.ko	modules	ack_source_candidate	drivers/usb/misc/Makefile	drivers/usb/misc/Makefile	same module name is not ABI compatibility; rebuild and validate KMI before staging
lzo-rle.ko	modules	built_6_18_builtin	crypto/Makefile	crypto/Makefile	same module name is not ABI compatibility; rebuild and validate KMI before staging
lzo.ko	modules	built_6_18_builtin	arch/arm64/boot/Makefile;arch/csky/boot/Makefile;arch/h8300/boot/compressed/Makefile;arch/mips/Makefile;arch/mips/boot/Makefile;arch/parisc/boot/compressed/Makefile;arch/powerpc/boot/Makefile;arch/riscv/boot/Makefile;arch/s390/boot/compressed/Makefile;arch/sh/Makefile;arch/sh/boot/Makefile;arch/sh/boot/compressed/Makefile;arch/x86/boot/compressed/Makefile;crypto/Makefile;fs/btrfs/Makefile;fs/squashfs/Makefile;lib/Makefile;lib/lzo/Makefile;usr/Makefile	arch/arm64/boot/Makefile;arch/csky/boot/Makefile;arch/mips/Makefile;arch/mips/boot/Makefile;arch/parisc/boot/compressed/Makefile;arch/powerpc/boot/Makefile;arch/riscv/Makefile;arch/riscv/boot/Makefile;arch/s390/boot/Makefile;arch/sh/Makefile;arch/sh/boot/Makefile;arch/sh/boot/compressed/Makefile;arch/x86/boot/compressed/Makefile;crypto/Makefile;fs/btrfs/Makefile;fs/squashfs/Makefile;lib/Makefile;lib/lzo/Makefile;usr/Makefile	same module name is not ABI compatibility; rebuild and validate KMI before staging
mac80211.ko	modules	ack_source_candidate	drivers/net/wireless/Makefile;drivers/net/wireless/ath/ath5k/Makefile;drivers/net/wireless/broadcom/brcm80211/brcmsmac/Makefile;drivers/net/wireless/intel/iwlwifi/dvm/Makefile;drivers/net/wireless/intel/iwlwifi/mvm/Makefile;drivers/net/wireless/mediatek/mt76/Makefile;drivers/net/wireless/realtek/rtw88/Makefile;net/Makefile;net/mac80211/Makefile	drivers/net/wireless/ath/ath5k/Makefile;drivers/net/wireless/broadcom/brcm80211/brcmsmac/Makefile;drivers/net/wireless/intel/iwlwifi/dvm/Makefile;drivers/net/wireless/intel/iwlwifi/mld/Makefile;drivers/net/wireless/intel/iwlwifi/mvm/Makefile;drivers/net/wireless/mediatek/mt76/Makefile;drivers/net/wireless/realtek/rtw88/Makefile;drivers/net/wireless/realtek/rtw89/Makefile;drivers/net/wireless/virtual/Makefile;net/Makefile;net/mac80211/Makefile;net/mac80211/tests/Makefile	same module name is not ABI compatibility; rebuild and validate KMI before staging
machine_dlkm.ko	modules	unmapped	-	-	same module name is not ABI compatibility; rebuild and validate KMI before staging
mbhc_dlkm.ko	modules	unmapped	-	-	same module name is not ABI compatibility; rebuild and validate KMI before staging
mdt_loader.ko	modules	ack_source_candidate	drivers/soc/qcom/Makefile	drivers/soc/qcom/Makefile	same module name is not ABI compatibility; rebuild and validate KMI before staging
mem-hooks.ko	modules	reference_source_only	drivers/soc/qcom/Makefile	-	same module name is not ABI compatibility; rebuild and validate KMI before staging
mem_buf.ko	modules	reference_source_only	drivers/soc/qcom/Makefile;drivers/soc/qcom/mem_buf/Makefile	-	same module name is not ABI compatibility; rebuild and validate KMI before staging
mem_buf_dev.ko	modules	reference_source_only	drivers/soc/qcom/mem_buf/Makefile	-	same module name is not ABI compatibility; rebuild and validate KMI before staging
memlat.ko	modules	reference_source_only	drivers/firmware/arm_scmi/Makefile;drivers/soc/qcom/dcvs/Makefile	-	same module name is not ABI compatibility; rebuild and validate KMI before staging
memory_dump_v2.ko	modules	reference_source_only	drivers/soc/qcom/Makefile	-	same module name is not ABI compatibility; rebuild and validate KMI before staging
mhi.ko	modules	ack_source_candidate	drivers/bus/Makefile;drivers/bus/mhi/controllers/Makefile;drivers/bus/mhi/devices/Makefile;drivers/bus/mhi/host/Makefile;drivers/net/wireless/ath/ath11k/Makefile;drivers/platform/msm/mhi_dev/Makefile;net/qrtr/Makefile	drivers/accel/qaic/Makefile;drivers/bus/Makefile;drivers/bus/mhi/ep/Makefile;drivers/bus/mhi/host/Makefile;drivers/net/Makefile;drivers/net/wireless/ath/ath11k/Makefile;drivers/net/wireless/ath/ath12k/Makefile;drivers/net/wwan/Makefile;net/qrtr/Makefile	same module name is not ABI compatibility; rebuild and validate KMI before staging
mhi_cntrl_qcom.ko	modules	reference_source_only	drivers/bus/mhi/controllers/Makefile	-	same module name is not ABI compatibility; rebuild and validate KMI before staging
mhi_dev_drv.ko	modules	reference_source_only	drivers/platform/msm/mhi_dev/Makefile	-	same module name is not ABI compatibility; rebuild and validate KMI before staging
mhi_dev_dtr.ko	modules	reference_source_only	drivers/bus/mhi/devices/Makefile	-	same module name is not ABI compatibility; rebuild and validate KMI before staging
mhi_dev_net.ko	modules	reference_source_only	drivers/platform/msm/mhi_dev/Makefile	-	same module name is not ABI compatibility; rebuild and validate KMI before staging
mhi_dev_netdev.ko	modules	reference_source_only	drivers/bus/mhi/devices/Makefile	-	same module name is not ABI compatibility; rebuild and validate KMI before staging
mhi_dev_uci.ko	modules	reference_source_only	drivers/bus/mhi/devices/Makefile	-	same module name is not ABI compatibility; rebuild and validate KMI before staging
mi_thermal_interface.ko	modules	reference_source_only	drivers/thermal/Makefile	-	same module name is not ABI compatibility; rebuild and validate KMI before staging
microdump_collector.ko	modules	reference_source_only	drivers/soc/qcom/Makefile	-	same module name is not ABI compatibility; rebuild and validate KMI before staging
minidump.ko	modules	reference_source_only	drivers/soc/qcom/Makefile	-	same module name is not ABI compatibility; rebuild and validate KMI before staging
msm-cvp.ko	modules	reference_source_only	drivers/media/platform/msm/cvp/Makefile	-	same module name is not ABI compatibility; rebuild and validate KMI before staging
msm-eva.ko	modules	unmapped	-	-	same module name is not ABI compatibility; rebuild and validate KMI before staging
msm-geni-se.ko	modules	reference_source_only	drivers/platform/msm/Makefile	-	same module name is not ABI compatibility; rebuild and validate KMI before staging
msm-mmrm.ko	modules	unmapped	-	-	same module name is not ABI compatibility; rebuild and validate KMI before staging
msm_dma_iommu_mapping.ko	modules	reference_source_only	drivers/iommu/Makefile	-	same module name is not ABI compatibility; rebuild and validate KMI before staging
msm_drm.ko	modules	unmapped	-	-	same module name is not ABI compatibility; rebuild and validate KMI before staging
msm_ext_display.ko	modules	reference_source_only	drivers/soc/qcom/Makefile	-	same module name is not ABI compatibility; rebuild and validate KMI before staging
msm_geni_serial.ko	modules	reference_source_only	drivers/tty/serial/Makefile	-	same module name is not ABI compatibility; rebuild and validate KMI before staging
msm_kgsl.ko	modules	reference_source_only	drivers/gpu/msm/Makefile	-	same module name is not ABI compatibility; rebuild and validate KMI before staging
msm_lmh_dcvs.ko	modules	reference_source_only	drivers/thermal/qcom/Makefile	-	same module name is not ABI compatibility; rebuild and validate KMI before staging
msm_memshare.ko	modules	reference_source_only	drivers/soc/qcom/memshare/Makefile	-	same module name is not ABI compatibility; rebuild and validate KMI before staging
msm_performance.ko	modules	reference_source_only	drivers/soc/qcom/Makefile	-	same module name is not ABI compatibility; rebuild and validate KMI before staging
msm_qmp.ko	modules	reference_source_only	drivers/mailbox/Makefile	-	same module name is not ABI compatibility; rebuild and validate KMI before staging
msm_rng.ko	modules	reference_source_only	drivers/char/hw_random/Makefile	-	same module name is not ABI compatibility; rebuild and validate KMI before staging
msm_sharedmem.ko	modules	reference_source_only	drivers/uio/Makefile;drivers/uio/msm_sharedmem/Makefile	-	same module name is not ABI compatibility; rebuild and validate KMI before staging
msm_show_epoch.ko	modules	reference_source_only	drivers/soc/qcom/Makefile	-	same module name is not ABI compatibility; rebuild and validate KMI before staging
msm_show_resume_irq.ko	modules	reference_source_only	drivers/irqchip/Makefile	-	same module name is not ABI compatibility; rebuild and validate KMI before staging
msm_sysstats.ko	modules	reference_source_only	kernel/Makefile	-	same module name is not ABI compatibility; rebuild and validate KMI before staging
msm_video.ko	modules	unmapped	-	-	same module name is not ABI compatibility; rebuild and validate KMI before staging
mtd.ko	modules	ack_source_candidate	arch/mips/cobalt/Makefile;drivers/Makefile;drivers/mtd/Makefile;drivers/mtd/devices/Makefile;drivers/mtd/lpddr/Makefile;drivers/mtd/tests/Makefile;drivers/net/ethernet/sfc/Makefile;drivers/net/ethernet/sfc/falcon/Makefile	arch/mips/cobalt/Makefile;drivers/Makefile;drivers/mtd/Makefile;drivers/mtd/devices/Makefile;drivers/mtd/lpddr/Makefile;drivers/mtd/tests/Makefile;drivers/net/ethernet/sfc/Makefile;drivers/net/ethernet/sfc/falcon/Makefile;drivers/net/ethernet/sfc/siena/Makefile	same module name is not ABI compatibility; rebuild and validate KMI before staging
mtd_blkdevs.ko	modules	ack_source_candidate	drivers/mtd/Makefile	drivers/mtd/Makefile	same module name is not ABI compatibility; rebuild and validate KMI before staging
mtdblock.ko	modules	ack_source_candidate	drivers/mtd/Makefile	drivers/mtd/Makefile	same module name is not ABI compatibility; rebuild and validate KMI before staging
mtdoops.ko	modules	ack_source_candidate	drivers/mtd/Makefile	drivers/mtd/Makefile	same module name is not ABI compatibility; rebuild and validate KMI before staging
nb7vpq904m.ko	modules	ack_source_candidate	drivers/usb/redriver/Makefile	drivers/usb/typec/mux/Makefile	same module name is not ABI compatibility; rebuild and validate KMI before staging
nfc_i2c.ko	modules	reference_source_only	drivers/nfc/qti/Makefile	-	same module name is not ABI compatibility; rebuild and validate KMI before staging
nt36xxx-i2c.ko	modules	reference_source_only	drivers/input/touchscreen/nt36xxx/Makefile	-	same module name is not ABI compatibility; rebuild and validate KMI before staging
nt36xxx-spi.ko	modules	reference_source_only	drivers/input/touchscreen/nt36xxx/Makefile	-	same module name is not ABI compatibility; rebuild and validate KMI before staging
nvmem_qcom-spmi-sdam.ko	modules	ack_source_candidate	drivers/nvmem/Makefile	drivers/nvmem/Makefile	same module name is not ABI compatibility; rebuild and validate KMI before staging
nvmem_qfprom.ko	modules	ack_source_candidate	drivers/nvmem/Makefile	drivers/nvmem/Makefile	same module name is not ABI compatibility; rebuild and validate KMI before staging
ofpart.ko	modules	ack_source_candidate	drivers/mtd/parsers/Makefile	drivers/mtd/parsers/Makefile	same module name is not ABI compatibility; rebuild and validate KMI before staging
panel_event_notifier.ko	modules	reference_source_only	drivers/soc/qcom/Makefile	-	same module name is not ABI compatibility; rebuild and validate KMI before staging
pci-edma.ko	modules	reference_source_only	drivers/dma/qcom/Makefile	-	same module name is not ABI compatibility; rebuild and validate KMI before staging
pci-msm-drv.ko	modules	reference_source_only	drivers/pci/controller/Makefile	-	same module name is not ABI compatibility; rebuild and validate KMI before staging
pdr_interface.ko	modules	ack_source_candidate	drivers/soc/qcom/Makefile	drivers/soc/qcom/Makefile	same module name is not ABI compatibility; rebuild and validate KMI before staging
phy-generic.ko	modules	ack_source_candidate	drivers/usb/phy/Makefile	drivers/usb/phy/Makefile	same module name is not ABI compatibility; rebuild and validate KMI before staging
phy-msm-snps-eusb2.ko	modules	reference_source_only	drivers/usb/phy/Makefile	-	same module name is not ABI compatibility; rebuild and validate KMI before staging
phy-msm-snps-hs.ko	modules	reference_source_only	drivers/usb/phy/Makefile	-	same module name is not ABI compatibility; rebuild and validate KMI before staging
phy-msm-ssusb-qmp.ko	modules	reference_source_only	drivers/usb/phy/Makefile	-	same module name is not ABI compatibility; rebuild and validate KMI before staging
phy-qcom-emu.ko	modules	reference_source_only	drivers/usb/phy/Makefile	-	same module name is not ABI compatibility; rebuild and validate KMI before staging
phy-qcom-ufs-qmp-14nm.ko	modules	reference_source_only	drivers/phy/qualcomm/Makefile	-	same module name is not ABI compatibility; rebuild and validate KMI before staging
phy-qcom-ufs-qmp-v3.ko	modules	reference_source_only	drivers/phy/qualcomm/Makefile	-	same module name is not ABI compatibility; rebuild and validate KMI before staging
phy-qcom-ufs-qmp-v4-anarok.ko	modules	reference_source_only	drivers/phy/qualcomm/Makefile	-	same module name is not ABI compatibility; rebuild and validate KMI before staging
phy-qcom-ufs-qmp-v4-cape.ko	modules	reference_source_only	drivers/phy/qualcomm/Makefile	-	same module name is not ABI compatibility; rebuild and validate KMI before staging
phy-qcom-ufs-qmp-v4-diwali.ko	modules	reference_source_only	drivers/phy/qualcomm/Makefile	-	same module name is not ABI compatibility; rebuild and validate KMI before staging
phy-qcom-ufs-qmp-v4-lahaina.ko	modules	reference_source_only	drivers/phy/qualcomm/Makefile	-	same module name is not ABI compatibility; rebuild and validate KMI before staging
phy-qcom-ufs-qmp-v4-parrot.ko	modules	reference_source_only	drivers/phy/qualcomm/Makefile	-	same module name is not ABI compatibility; rebuild and validate KMI before staging
phy-qcom-ufs-qmp-v4-waipio.ko	modules	reference_source_only	drivers/phy/qualcomm/Makefile	-	same module name is not ABI compatibility; rebuild and validate KMI before staging
phy-qcom-ufs.ko	modules	reference_source_only	drivers/phy/qualcomm/Makefile	-	same module name is not ABI compatibility; rebuild and validate KMI before staging
pinctrl-cape.ko	modules	reference_source_only	drivers/pinctrl/qcom/Makefile	-	same module name is not ABI compatibility; rebuild and validate KMI before staging
pinctrl-diwali.ko	modules	reference_source_only	drivers/pinctrl/qcom/Makefile	-	same module name is not ABI compatibility; rebuild and validate KMI before staging
pinctrl-msm.ko	modules	ack_source_candidate	drivers/pinctrl/qcom/Makefile	drivers/pinctrl/qcom/Makefile	same module name is not ABI compatibility; rebuild and validate KMI before staging
pinctrl-spmi-gpio.ko	modules	ack_source_candidate	drivers/pinctrl/qcom/Makefile	drivers/pinctrl/qcom/Makefile	same module name is not ABI compatibility; rebuild and validate KMI before staging
pinctrl-spmi-mpp.ko	modules	ack_source_candidate	drivers/pinctrl/qcom/Makefile	drivers/pinctrl/qcom/Makefile	same module name is not ABI compatibility; rebuild and validate KMI before staging
pinctrl-waipio.ko	modules	reference_source_only	drivers/pinctrl/qcom/Makefile	-	same module name is not ABI compatibility; rebuild and validate KMI before staging
pinctrl_lpi_dlkm.ko	modules	unmapped	-	-	same module name is not ABI compatibility; rebuild and validate KMI before staging
plh_scmi.ko	modules	reference_source_only	drivers/soc/qcom/Makefile	-	same module name is not ABI compatibility; rebuild and validate KMI before staging
plh_vendor.ko	modules	reference_source_only	drivers/firmware/arm_scmi/Makefile	-	same module name is not ABI compatibility; rebuild and validate KMI before staging
pm8941-pwrkey.ko	modules	ack_source_candidate	drivers/input/misc/Makefile	drivers/input/misc/Makefile	same module name is not ABI compatibility; rebuild and validate KMI before staging
pmic-pon-log.ko	modules	reference_source_only	drivers/soc/qcom/Makefile	-	same module name is not ABI compatibility; rebuild and validate KMI before staging
pmic_glink.ko	modules	ack_source_candidate	drivers/soc/qcom/Makefile	drivers/soc/qcom/Makefile	same module name is not ABI compatibility; rebuild and validate KMI before staging
pmu_scmi.ko	modules	reference_source_only	drivers/soc/qcom/dcvs/Makefile	-	same module name is not ABI compatibility; rebuild and validate KMI before staging
pmu_vendor.ko	modules	reference_source_only	drivers/firmware/arm_scmi/Makefile	-	same module name is not ABI compatibility; rebuild and validate KMI before staging
policy_engine.ko	modules	reference_source_only	drivers/thermal/qcom/Makefile;drivers/usb/pd/Makefile	-	same module name is not ABI compatibility; rebuild and validate KMI before staging
proxy-consumer.ko	modules	reference_source_only	drivers/regulator/Makefile	-	same module name is not ABI compatibility; rebuild and validate KMI before staging
pwm-qti-lpg.ko	modules	reference_source_only	drivers/pwm/Makefile	-	same module name is not ABI compatibility; rebuild and validate KMI before staging
q6_dlkm.ko	modules	unmapped	-	-	same module name is not ABI compatibility; rebuild and validate KMI before staging
q6_notifier_dlkm.ko	modules	unmapped	-	-	same module name is not ABI compatibility; rebuild and validate KMI before staging
q6_pdr_dlkm.ko	modules	unmapped	-	-	same module name is not ABI compatibility; rebuild and validate KMI before staging
qbt_handler.ko	modules	reference_source_only	drivers/soc/qcom/Makefile	-	same module name is not ABI compatibility; rebuild and validate KMI before staging
qca_cld3_qca6490.ko	modules	unmapped	-	-	same module name is not ABI compatibility; rebuild and validate KMI before staging
qca_cld3_qca6750.ko	modules	unmapped	-	-	same module name is not ABI compatibility; rebuild and validate KMI before staging
qce50.ko	modules	reference_source_only	drivers/crypto/msm/Makefile	-	same module name is not ABI compatibility; rebuild and validate KMI before staging
qcedev-mod.ko	modules	reference_source_only	drivers/crypto/msm/Makefile	-	same module name is not ABI compatibility; rebuild and validate KMI before staging
qcom-cpufreq-hw-debug.ko	modules	reference_source_only	drivers/cpufreq/Makefile	-	same module name is not ABI compatibility; rebuild and validate KMI before staging
qcom-cpufreq-hw.ko	modules	ack_source_candidate	drivers/cpufreq/Makefile	drivers/cpufreq/Makefile	same module name is not ABI compatibility; rebuild and validate KMI before staging
qcom-dcvs.ko	modules	reference_source_only	drivers/soc/qcom/dcvs/Makefile	-	same module name is not ABI compatibility; rebuild and validate KMI before staging
qcom-dload-mode.ko	modules	reference_source_only	drivers/power/reset/Makefile	-	same module name is not ABI compatibility; rebuild and validate KMI before staging
qcom-hv-haptics.ko	modules	reference_source_only	drivers/input/misc/Makefile	-	same module name is not ABI compatibility; rebuild and validate KMI before staging
qcom-i2c-pmic.ko	modules	reference_source_only	drivers/mfd/Makefile	-	same module name is not ABI compatibility; rebuild and validate KMI before staging
qcom-pdc.ko	modules	ack_source_candidate	drivers/irqchip/Makefile	drivers/irqchip/Makefile	same module name is not ABI compatibility; rebuild and validate KMI before staging
qcom-pmu-lib.ko	modules	reference_source_only	drivers/soc/qcom/dcvs/Makefile	-	same module name is not ABI compatibility; rebuild and validate KMI before staging
qcom-pon.ko	modules	ack_source_candidate	drivers/power/reset/Makefile	drivers/power/reset/Makefile	same module name is not ABI compatibility; rebuild and validate KMI before staging
qcom-reboot-reason.ko	modules	reference_source_only	drivers/power/reset/Makefile	-	same module name is not ABI compatibility; rebuild and validate KMI before staging
qcom-scm.ko	modules	built_6_18_builtin	drivers/firmware/Makefile	drivers/firmware/qcom/Makefile	same module name is not ABI compatibility; rebuild and validate KMI before staging
qcom-spmi-adc5.ko	modules	built_6_18_builtin	drivers/iio/adc/Makefile	drivers/iio/adc/Makefile	same module name is not ABI compatibility; rebuild and validate KMI before staging
qcom-spmi-pmic.ko	modules	ack_source_candidate	drivers/mfd/Makefile	drivers/mfd/Makefile	same module name is not ABI compatibility; rebuild and validate KMI before staging
qcom-spmi-temp-alarm.ko	modules	ack_source_candidate	drivers/thermal/qcom/Makefile	drivers/thermal/qcom/Makefile	same module name is not ABI compatibility; rebuild and validate KMI before staging
qcom-vadc-common.ko	modules	built_6_18_builtin	drivers/iio/adc/Makefile	drivers/iio/adc/Makefile	same module name is not ABI compatibility; rebuild and validate KMI before staging
qcom_aoss.ko	modules	ack_source_candidate	drivers/soc/qcom/Makefile	drivers/soc/qcom/Makefile	same module name is not ABI compatibility; rebuild and validate KMI before staging
qcom_cpu_vendor_hooks.ko	modules	reference_source_only	drivers/soc/qcom/Makefile	-	same module name is not ABI compatibility; rebuild and validate KMI before staging
qcom_dma_heaps.ko	modules	reference_source_only	drivers/dma-buf/heaps/Makefile	-	same module name is not ABI compatibility; rebuild and validate KMI before staging
qcom_edac.ko	modules	ack_source_candidate	drivers/edac/Makefile	drivers/edac/Makefile	same module name is not ABI compatibility; rebuild and validate KMI before staging
qcom_esoc.ko	modules	reference_source_only	drivers/remoteproc/Makefile	-	same module name is not ABI compatibility; rebuild and validate KMI before staging
qcom_gic_intr_routing.ko	modules	reference_source_only	drivers/soc/qcom/Makefile	-	same module name is not ABI compatibility; rebuild and validate KMI before staging
qcom_glink.ko	modules	ack_source_candidate	drivers/rpmsg/Makefile	drivers/rpmsg/Makefile	same module name is not ABI compatibility; rebuild and validate KMI before staging
qcom_glink_smem.ko	modules	ack_source_candidate	drivers/rpmsg/Makefile	drivers/rpmsg/Makefile	same module name is not ABI compatibility; rebuild and validate KMI before staging
qcom_hwspinlock.ko	modules	ack_source_candidate	drivers/hwspinlock/Makefile	drivers/hwspinlock/Makefile	same module name is not ABI compatibility; rebuild and validate KMI before staging
qcom_iommu_util.ko	modules	reference_source_only	drivers/iommu/Makefile	-	same module name is not ABI compatibility; rebuild and validate KMI before staging
qcom_ipc_lite.ko	modules	reference_source_only	drivers/media/platform/msm/synx/Makefile	-	same module name is not ABI compatibility; rebuild and validate KMI before staging
qcom_ipcc.ko	modules	reference_source_only	drivers/soc/qcom/Makefile	-	same module name is not ABI compatibility; rebuild and validate KMI before staging
qcom_llcc_pmu.ko	modules	reference_source_only	drivers/perf/Makefile	-	same module name is not ABI compatibility; rebuild and validate KMI before staging
qcom_logbuf_vendor_hooks.ko	modules	reference_source_only	drivers/soc/qcom/Makefile	-	same module name is not ABI compatibility; rebuild and validate KMI before staging
qcom_lpm.ko	modules	reference_source_only	drivers/cpuidle/governors/Makefile	-	same module name is not ABI compatibility; rebuild and validate KMI before staging
qcom_pil_info.ko	modules	ack_source_candidate	drivers/remoteproc/Makefile	drivers/remoteproc/Makefile	same module name is not ABI compatibility; rebuild and validate KMI before staging
qcom_pm8008-regulator.ko	modules	reference_source_only	drivers/regulator/Makefile	-	same module name is not ABI compatibility; rebuild and validate KMI before staging
qcom_q6v5.ko	modules	ack_source_candidate	drivers/remoteproc/Makefile	drivers/remoteproc/Makefile	same module name is not ABI compatibility; rebuild and validate KMI before staging
qcom_q6v5_pas.ko	modules	ack_source_candidate	drivers/remoteproc/Makefile	drivers/remoteproc/Makefile	same module name is not ABI compatibility; rebuild and validate KMI before staging
qcom_ramdump.ko	modules	reference_source_only	drivers/soc/qcom/Makefile	-	same module name is not ABI compatibility; rebuild and validate KMI before staging
qcom_rimps.ko	modules	reference_source_only	drivers/soc/qcom/Makefile	-	same module name is not ABI compatibility; rebuild and validate KMI before staging
qcom_rpmh.ko	modules	built_6_18_builtin	drivers/soc/qcom/Makefile	drivers/soc/qcom/Makefile	same module name is not ABI compatibility; rebuild and validate KMI before staging
qcom_smd.ko	modules	ack_source_candidate	drivers/regulator/Makefile;drivers/rpmsg/Makefile	drivers/regulator/Makefile;drivers/rpmsg/Makefile	same module name is not ABI compatibility; rebuild and validate KMI before staging
qcom_soc_wdt.ko	modules	reference_source_only	drivers/soc/qcom/Makefile	-	same module name is not ABI compatibility; rebuild and validate KMI before staging
qcom_sync_file.ko	modules	reference_source_only	drivers/soc/qcom/sync_fence/Makefile	-	same module name is not ABI compatibility; rebuild and validate KMI before staging
qcom_sysmon.ko	modules	ack_source_candidate	drivers/remoteproc/Makefile	drivers/remoteproc/Makefile	same module name is not ABI compatibility; rebuild and validate KMI before staging
qcom_tsens.ko	modules	ack_source_candidate	drivers/thermal/qcom/Makefile	drivers/thermal/qcom/Makefile	same module name is not ABI compatibility; rebuild and validate KMI before staging
qcom_wdt_core.ko	modules	reference_source_only	drivers/soc/qcom/Makefile	-	same module name is not ABI compatibility; rebuild and validate KMI before staging
qdss_bridge.ko	modules	reference_source_only	drivers/soc/qcom/Makefile	-	same module name is not ABI compatibility; rebuild and validate KMI before staging
qfprom-sys.ko	modules	reference_source_only	drivers/soc/qcom/Makefile	-	same module name is not ABI compatibility; rebuild and validate KMI before staging
qmi_helpers.ko	modules	ack_source_candidate	drivers/soc/qcom/Makefile	drivers/soc/qcom/Makefile	same module name is not ABI compatibility; rebuild and validate KMI before staging
qnoc-diwali.ko	modules	reference_source_only	drivers/interconnect/qcom/Makefile	-	same module name is not ABI compatibility; rebuild and validate KMI before staging
qnoc-parrot.ko	modules	reference_source_only	drivers/interconnect/qcom/Makefile	-	same module name is not ABI compatibility; rebuild and validate KMI before staging
qnoc-qos.ko	modules	reference_source_only	drivers/interconnect/qcom/Makefile	-	same module name is not ABI compatibility; rebuild and validate KMI before staging
qnoc-waipio.ko	modules	reference_source_only	drivers/interconnect/qcom/Makefile	-	same module name is not ABI compatibility; rebuild and validate KMI before staging
qpnp-amoled-regulator.ko	modules	reference_source_only	drivers/regulator/Makefile	-	same module name is not ABI compatibility; rebuild and validate KMI before staging
qpnp-pbs.ko	modules	reference_source_only	drivers/soc/qcom/Makefile	-	same module name is not ABI compatibility; rebuild and validate KMI before staging
qrtr-gunyah.ko	modules	reference_source_only	net/qrtr/Makefile	-	same module name is not ABI compatibility; rebuild and validate KMI before staging
qrtr-mhi.ko	modules	ack_source_candidate	net/qrtr/Makefile	net/qrtr/Makefile	same module name is not ABI compatibility; rebuild and validate KMI before staging
qrtr-smd.ko	modules	ack_source_candidate	net/qrtr/Makefile	net/qrtr/Makefile	same module name is not ABI compatibility; rebuild and validate KMI before staging
qrtr.ko	modules	ack_source_candidate	net/Makefile;net/qrtr/Makefile	net/Makefile;net/qrtr/Makefile	same module name is not ABI compatibility; rebuild and validate KMI before staging
qsee_ipc_irq_bridge.ko	modules	reference_source_only	drivers/soc/qcom/Makefile	-	same module name is not ABI compatibility; rebuild and validate KMI before staging
qseecom-mod.ko	modules	reference_source_only	drivers/misc/Makefile	-	same module name is not ABI compatibility; rebuild and validate KMI before staging
qti-adc-tm.ko	modules	reference_source_only	drivers/thermal/qcom/Makefile	-	same module name is not ABI compatibility; rebuild and validate KMI before staging
qti-fixed-regulator.ko	modules	reference_source_only	drivers/regulator/Makefile	-	same module name is not ABI compatibility; rebuild and validate KMI before staging
qti_amoled_ecm.ko	modules	reference_source_only	drivers/hwmon/Makefile	-	same module name is not ABI compatibility; rebuild and validate KMI before staging
qti_battery_charger_main.ko	modules	reference_source_only	drivers/power/supply/Makefile	-	same module name is not ABI compatibility; rebuild and validate KMI before staging
qti_battery_debug.ko	modules	reference_source_only	drivers/soc/qcom/Makefile	-	same module name is not ABI compatibility; rebuild and validate KMI before staging
qti_cpufreq_cdev.ko	modules	reference_source_only	drivers/thermal/qcom/Makefile	-	same module name is not ABI compatibility; rebuild and validate KMI before staging
qti_devfreq_cdev.ko	modules	reference_source_only	drivers/thermal/qcom/Makefile	-	same module name is not ABI compatibility; rebuild and validate KMI before staging
qti_qmi_cdev.ko	modules	reference_source_only	drivers/thermal/qcom/Makefile	-	same module name is not ABI compatibility; rebuild and validate KMI before staging
qti_qmi_sensor_v2.ko	modules	reference_source_only	drivers/thermal/qcom/Makefile	-	same module name is not ABI compatibility; rebuild and validate KMI before staging
qti_userspace_cdev.ko	modules	reference_source_only	drivers/thermal/qcom/Makefile	-	same module name is not ABI compatibility; rebuild and validate KMI before staging
radio-i2c-rtc6226-qca.ko	modules	reference_source_only	drivers/media/radio/rtc6226/Makefile	-	same module name is not ABI compatibility; rebuild and validate KMI before staging
rdbg.ko	modules	reference_source_only	drivers/char/Makefile	-	same module name is not ABI compatibility; rebuild and validate KMI before staging
reboot-mode.ko	modules	ack_source_candidate	drivers/power/reset/Makefile	drivers/power/reset/Makefile	same module name is not ABI compatibility; rebuild and validate KMI before staging
redriver.ko	modules	reference_source_only	drivers/usb/Makefile;drivers/usb/redriver/Makefile	-	same module name is not ABI compatibility; rebuild and validate KMI before staging
regmap-spmi.ko	modules	built_6_18_builtin	drivers/base/regmap/Makefile	drivers/base/regmap/Makefile	same module name is not ABI compatibility; rebuild and validate KMI before staging
repeater-i2c-eusb2.ko	modules	reference_source_only	drivers/usb/repeater/Makefile	-	same module name is not ABI compatibility; rebuild and validate KMI before staging
repeater.ko	modules	reference_source_only	drivers/usb/Makefile;drivers/usb/repeater/Makefile	-	same module name is not ABI compatibility; rebuild and validate KMI before staging
rmnet_aps.ko	modules	unmapped	-	-	same module name is not ABI compatibility; rebuild and validate KMI before staging
rmnet_core.ko	modules	unmapped	-	-	same module name is not ABI compatibility; rebuild and validate KMI before staging
rmnet_ctl.ko	modules	unmapped	-	-	same module name is not ABI compatibility; rebuild and validate KMI before staging
rmnet_offload.ko	modules	unmapped	-	-	same module name is not ABI compatibility; rebuild and validate KMI before staging
rmnet_perf.ko	modules	unmapped	-	-	same module name is not ABI compatibility; rebuild and validate KMI before staging
rmnet_perf_tether.ko	modules	unmapped	-	-	same module name is not ABI compatibility; rebuild and validate KMI before staging
rmnet_sch.ko	modules	unmapped	-	-	same module name is not ABI compatibility; rebuild and validate KMI before staging
rmnet_shs.ko	modules	unmapped	-	-	same module name is not ABI compatibility; rebuild and validate KMI before staging
rmnet_wlan.ko	modules	unmapped	-	-	same module name is not ABI compatibility; rebuild and validate KMI before staging
rndisipam.ko	modules	unmapped	-	-	same module name is not ABI compatibility; rebuild and validate KMI before staging
rpmh-regulator.ko	modules	reference_source_only	drivers/regulator/Makefile	-	same module name is not ABI compatibility; rebuild and validate KMI before staging
rproc_qcom_common.ko	modules	reference_source_only	drivers/remoteproc/Makefile	-	same module name is not ABI compatibility; rebuild and validate KMI before staging
rq_stats.ko	modules	reference_source_only	drivers/soc/qcom/Makefile	-	same module name is not ABI compatibility; rebuild and validate KMI before staging
rtc-pm8xxx.ko	modules	ack_source_candidate	drivers/rtc/Makefile	drivers/rtc/Makefile	same module name is not ABI compatibility; rebuild and validate KMI before staging
sched-walt.ko	modules	reference_source_only	kernel/sched/walt/Makefile	-	same module name is not ABI compatibility; rebuild and validate KMI before staging
sdhci-msm.ko	modules	ack_source_candidate	drivers/mmc/host/Makefile	drivers/mmc/host/Makefile	same module name is not ABI compatibility; rebuild and validate KMI before staging
sdpm_clk.ko	modules	reference_source_only	drivers/thermal/qcom/Makefile	-	same module name is not ABI compatibility; rebuild and validate KMI before staging
secure_buffer.ko	modules	reference_source_only	drivers/soc/qcom/Makefile	-	same module name is not ABI compatibility; rebuild and validate KMI before staging
sensors_ssc.ko	modules	reference_source_only	drivers/soc/qcom/Makefile	-	same module name is not ABI compatibility; rebuild and validate KMI before staging
sg.ko	modules	ack_source_candidate	drivers/scsi/Makefile;lib/Makefile	drivers/scsi/Makefile;lib/Makefile	same module name is not ABI compatibility; rebuild and validate KMI before staging
shared_rail_scmi.ko	modules	reference_source_only	drivers/soc/qcom/Makefile	-	same module name is not ABI compatibility; rebuild and validate KMI before staging
shared_rail_vendor.ko	modules	reference_source_only	drivers/firmware/arm_scmi/Makefile	-	same module name is not ABI compatibility; rebuild and validate KMI before staging
slim-qcom-ngd-ctrl.ko	modules	ack_source_candidate	drivers/slimbus/Makefile	drivers/slimbus/Makefile	same module name is not ABI compatibility; rebuild and validate KMI before staging
slimbus.ko	modules	ack_source_candidate	drivers/Makefile;drivers/slimbus/Makefile	drivers/Makefile;drivers/slimbus/Makefile	same module name is not ABI compatibility; rebuild and validate KMI before staging
smcinvoke_mod.ko	modules	reference_source_only	drivers/soc/qcom/Makefile	-	same module name is not ABI compatibility; rebuild and validate KMI before staging
smem.ko	modules	ack_source_candidate	drivers/net/wireless/intel/iwlwifi/Makefile;drivers/soc/qcom/Makefile	drivers/net/wireless/intel/iwlwifi/Makefile;drivers/soc/qcom/Makefile	same module name is not ABI compatibility; rebuild and validate KMI before staging
smp2p.ko	modules	ack_source_candidate	drivers/soc/qcom/Makefile	drivers/soc/qcom/Makefile	same module name is not ABI compatibility; rebuild and validate KMI before staging
smp2p_sleepstate.ko	modules	reference_source_only	drivers/soc/qcom/Makefile	-	same module name is not ABI compatibility; rebuild and validate KMI before staging
snd-usb-audio-qmi.ko	modules	ack_source_candidate	sound/usb/Makefile	sound/usb/qcom/Makefile	same module name is not ABI compatibility; rebuild and validate KMI before staging
snd_event_dlkm.ko	modules	unmapped	-	-	same module name is not ABI compatibility; rebuild and validate KMI before staging
soc_sleep_stats.ko	modules	reference_source_only	drivers/soc/qcom/Makefile	-	same module name is not ABI compatibility; rebuild and validate KMI before staging
socinfo.ko	modules	ack_source_candidate	drivers/soc/qcom/Makefile	drivers/soc/qcom/Makefile	same module name is not ABI compatibility; rebuild and validate KMI before staging
spf_core_dlkm.ko	modules	unmapped	-	-	same module name is not ABI compatibility; rebuild and validate KMI before staging
spi-msm-geni.ko	modules	reference_source_only	drivers/spi/Makefile	-	same module name is not ABI compatibility; rebuild and validate KMI before staging
spmi-glink-debug.ko	modules	reference_source_only	drivers/spmi/Makefile	-	same module name is not ABI compatibility; rebuild and validate KMI before staging
spmi-pmic-arb-debug.ko	modules	reference_source_only	drivers/spmi/Makefile	-	same module name is not ABI compatibility; rebuild and validate KMI before staging
spmi-pmic-arb.ko	modules	ack_source_candidate	drivers/spmi/Makefile	drivers/spmi/Makefile	same module name is not ABI compatibility; rebuild and validate KMI before staging
sps_drv.ko	modules	reference_source_only	drivers/platform/msm/sps/Makefile	-	same module name is not ABI compatibility; rebuild and validate KMI before staging
stm_console.ko	modules	ack_source_candidate	drivers/hwtracing/stm/Makefile	drivers/hwtracing/stm/Makefile	same module name is not ABI compatibility; rebuild and validate KMI before staging
stm_core.ko	modules	ack_source_candidate	drivers/hwtracing/stm/Makefile	drivers/hwtracing/stm/Makefile	same module name is not ABI compatibility; rebuild and validate KMI before staging
stm_ftrace.ko	modules	ack_source_candidate	drivers/hwtracing/stm/Makefile	drivers/hwtracing/stm/Makefile	same module name is not ABI compatibility; rebuild and validate KMI before staging
stm_p_basic.ko	modules	ack_source_candidate	drivers/hwtracing/stm/Makefile	drivers/hwtracing/stm/Makefile	same module name is not ABI compatibility; rebuild and validate KMI before staging
stm_p_ost.ko	modules	reference_source_only	drivers/hwtracing/stm/Makefile	-	same module name is not ABI compatibility; rebuild and validate KMI before staging
stmvl53l5.ko	modules	reference_source_only	drivers/input/Makefile;drivers/input/stmvl53l5/Makefile	-	same module name is not ABI compatibility; rebuild and validate KMI before staging
stub-regulator.ko	modules	reference_source_only	drivers/regulator/Makefile	-	same module name is not ABI compatibility; rebuild and validate KMI before staging
stub_dlkm.ko	modules	unmapped	-	-	same module name is not ABI compatibility; rebuild and validate KMI before staging
subsystem_sleep_stats.ko	modules	reference_source_only	drivers/soc/qcom/Makefile	-	same module name is not ABI compatibility; rebuild and validate KMI before staging
swr_ctrl_dlkm.ko	modules	unmapped	-	-	same module name is not ABI compatibility; rebuild and validate KMI before staging
swr_dlkm.ko	modules	unmapped	-	-	same module name is not ABI compatibility; rebuild and validate KMI before staging
swr_dmic_dlkm.ko	modules	unmapped	-	-	same module name is not ABI compatibility; rebuild and validate KMI before staging
swr_haptics_dlkm.ko	modules	unmapped	-	-	same module name is not ABI compatibility; rebuild and validate KMI before staging
synaptics_dsx.ko	modules	reference_source_only	drivers/input/touchscreen/Makefile;drivers/input/touchscreen/synaptics_dsx/Makefile	-	same module name is not ABI compatibility; rebuild and validate KMI before staging
synx-driver.ko	modules	reference_source_only	drivers/media/platform/msm/synx/Makefile	-	same module name is not ABI compatibility; rebuild and validate KMI before staging
sys_pm_vx.ko	modules	reference_source_only	drivers/soc/qcom/Makefile	-	same module name is not ABI compatibility; rebuild and validate KMI before staging
sysmon_subsystem_stats.ko	modules	reference_source_only	drivers/soc/qcom/Makefile	-	same module name is not ABI compatibility; rebuild and validate KMI before staging
thermal_pause.ko	modules	reference_source_only	drivers/thermal/qcom/Makefile	-	same module name is not ABI compatibility; rebuild and validate KMI before staging
tmecom-intf.ko	modules	reference_source_only	drivers/soc/qcom/tmecom/Makefile	-	same module name is not ABI compatibility; rebuild and validate KMI before staging
ucsi_glink.ko	modules	ack_source_candidate	drivers/usb/typec/ucsi/Makefile	drivers/usb/typec/ucsi/Makefile	same module name is not ABI compatibility; rebuild and validate KMI before staging
ufs_qcom.ko	modules	reference_source_only	drivers/scsi/ufs/Makefile	-	same module name is not ABI compatibility; rebuild and validate KMI before staging
ufshcd-crypto-qti.ko	modules	reference_source_only	drivers/scsi/ufs/Makefile	-	same module name is not ABI compatibility; rebuild and validate KMI before staging
usb_bam.ko	modules	reference_source_only	drivers/platform/msm/Makefile	-	same module name is not ABI compatibility; rebuild and validate KMI before staging
usb_f_ccid.ko	modules	reference_source_only	drivers/usb/gadget/function/Makefile	-	same module name is not ABI compatibility; rebuild and validate KMI before staging
usb_f_cdev.ko	modules	reference_source_only	drivers/usb/gadget/function/Makefile	-	same module name is not ABI compatibility; rebuild and validate KMI before staging
usb_f_diag.ko	modules	reference_source_only	drivers/usb/gadget/function/Makefile	-	same module name is not ABI compatibility; rebuild and validate KMI before staging
usb_f_gsi.ko	modules	reference_source_only	drivers/usb/gadget/function/Makefile	-	same module name is not ABI compatibility; rebuild and validate KMI before staging
usb_f_qdss.ko	modules	reference_source_only	drivers/usb/gadget/function/Makefile	-	same module name is not ABI compatibility; rebuild and validate KMI before staging
videocc-diwali.ko	modules	reference_source_only	drivers/clk/qcom/Makefile	-	same module name is not ABI compatibility; rebuild and validate KMI before staging
videocc-waipio.ko	modules	reference_source_only	drivers/clk/qcom/Makefile	-	same module name is not ABI compatibility; rebuild and validate KMI before staging
wcd937x_dlkm.ko	modules	unmapped	-	-	same module name is not ABI compatibility; rebuild and validate KMI before staging
wcd937x_slave_dlkm.ko	modules	unmapped	-	-	same module name is not ABI compatibility; rebuild and validate KMI before staging
wcd938x_dlkm.ko	modules	unmapped	-	-	same module name is not ABI compatibility; rebuild and validate KMI before staging
wcd938x_slave_dlkm.ko	modules	unmapped	-	-	same module name is not ABI compatibility; rebuild and validate KMI before staging
wcd9xxx_dlkm.ko	modules	unmapped	-	-	same module name is not ABI compatibility; rebuild and validate KMI before staging
wcd_core_dlkm.ko	modules	unmapped	-	-	same module name is not ABI compatibility; rebuild and validate KMI before staging
wl2866d.ko	modules	reference_source_only	drivers/misc/Makefile;drivers/regulator/Makefile	-	same module name is not ABI compatibility; rebuild and validate KMI before staging
wl2866d_ldo.ko	modules	reference_source_only	drivers/misc/Makefile	-	same module name is not ABI compatibility; rebuild and validate KMI before staging
wlan_firmware_service.ko	modules	reference_source_only	drivers/net/wireless/cnss_utils/Makefile	-	same module name is not ABI compatibility; rebuild and validate KMI before staging
wsa883x_dlkm.ko	modules	unmapped	-	-	same module name is not ABI compatibility; rebuild and validate KMI before staging
xiaomi_touch.ko	modules	reference_source_only	drivers/input/touchscreen/xiaomi/Makefile	-	same module name is not ABI compatibility; rebuild and validate KMI before staging
zram.ko	modules	built_6_18_module	drivers/block/Makefile;drivers/block/zram/Makefile;tools/testing/selftests/Makefile;tools/testing/selftests/zram/Makefile	drivers/block/Makefile;drivers/block/zram/Makefile;tools/testing/selftests/Makefile;tools/testing/selftests/zram/Makefile	same module name is not ABI compatibility; rebuild and validate KMI before staging
zsmalloc.ko	modules	built_6_18_module	mm/Makefile	mm/Makefile	same module name is not ABI compatibility; rebuild and validate KMI before staging
