APC1_pause	local-closure
APSS_OFF	local-closure
BOB	local-closure
CLUSTER_PD	local-closure
CLUSTER_PWR_DN	local-closure
CPU0	local-closure
CPU1	local-closure
CPU2	local-closure
CPU3	local-closure
CPU4	local-closure
CPU5	local-closure
CPU6	local-closure
CPU7	local-closure
CPU_PD0	local-closure
CPU_PD1	local-closure
CPU_PD2	local-closure
CPU_PD3	local-closure
CPU_PD4	local-closure
CPU_PD5	local-closure
CPU_PD6	local-closure
CPU_PD7	local-closure
GOLD_OFF	local-closure
L10C	local-closure
L1B	local-closure
L1C	local-closure
L2B	local-closure
L2C	local-closure
L2_0	local-closure
L2_2	local-closure
L2_4	local-closure
L2_5	local-closure
L2_6	local-closure
L2_7	local-closure
L3_0	local-closure
L5B	local-closure
L6C	local-closure
L7B	local-closure
L7E	local-closure
L9B	local-closure
L9C	local-closure
PM8008I_EN	local-closure
PM8008J_EN	local-closure
S10B	local-closure
S11B	local-closure
S12B	local-closure
S1C	local-closure
S2E	local-closure
SILVER_OFF	local-closure
VDD_CX_LEVEL	local-closure
VDD_CX_MMCX_SUPPLY_LEVEL	local-closure
VDD_GFX_LEVEL	local-closure
VDD_GFX_MXC_VOTER_LEVEL	local-closure
VDD_LPI_CX_LEVEL	local-closure
VDD_LPI_MX_LEVEL	local-closure
VDD_MMCX_LEVEL	local-closure
VDD_MM_LEVEL	local-closure
VDD_MM_MXC_VOTER_LEVEL	local-closure
VDD_MODEM_LEVEL	local-closure
VDD_MXA_LEVEL	local-closure
VDD_MXC_LEVEL	local-closure
adsp_mem	local-closure
adsp_mem_heap	local-closure
adsp_smp2p_in	local-closure
adsp_smp2p_out	local-closure
aggre1_noc	local-closure
aggre2_noc	local-closure
aoss_qmp	local-closure
apps_bcm_voter	local-closure
apps_rsc	local-closure
apps_smmu	local-closure
audio_cma_mem	local-closure
audio_etm0_out_funnel_lpass_lpi	local-closure
aw882xx_irq_active_top	local-closure
aw882xx_reset_active_bot	local-closure
aw882xx_reset_active_top	local-closure
aw882xx_reset_suspend_bot	local-closure
aw882xx_reset_suspend_top	local-closure
b_bcl_lvl0	local-closure
b_bcl_lvl1	local-closure
b_bcl_lvl2	local-closure
battery_charger	local-closure
bcl_soc	local-closure
bt_en_sleep	local-closure
c_bcl_lvl0	local-closure
c_bcl_lvl1	local-closure
c_bcl_lvl2	local-closure
cdsp_eva_mem	local-closure
cdsp_hw	local-closure
cdsp_mem	local-closure
cdsp_pas	local-closure
cdsp_secure_heap_mem	local-closure
cdsp_smp2p_in	local-closure
cdsp_smp2p_out	local-closure
cdsp_sw	local-closure
clk_virt	local-closure
clock_apsscc	local-closure
clock_camcc	local-closure
clock_dispcc	local-closure
clock_gcc	local-closure
clock_gpucc	local-closure
clock_mccc	local-closure
clock_rpmh	local-closure
clock_videocc	local-closure
cnss_pci_iommu_group	local-closure
cnss_wlan_en_active	local-closure
cnss_wlan_en_sleep	local-closure
cnss_wlan_mem	local-closure
config_noc	local-closure
cpu0_emerg	local-closure
cpu0_pause	local-closure
cpu1_emerg	local-closure
cpu1_pause	local-closure
cpu2_emerg	local-closure
cpu2_pause	local-closure
cpu3_emerg	local-closure
cpu3_pause	local-closure
cpu5_emerg0	local-closure
cpu5_emerg1	local-closure
cpu5_pause	local-closure
cpu6_emerg0	local-closure
cpu6_emerg1	local-closure
cpu6_pause	local-closure
cpu7_emerg0	local-closure
cpu7_emerg1	local-closure
cpu7_emerg2	local-closure
cpu7_pause	local-closure
cpu_6_7_pause	local-closure
cpu_scp_lpri	local-closure
cpufreq_hw	local-closure
cpusys_vm_mem	local-closure
csr	local-closure
cvp_mem	local-closure
dcvs_fp	local-closure
ddr_cdev	local-closure
ddr_config0	local-closure
ddr_dcvs_fp	local-closure
ddr_freq_table	local-closure
ddrqos_dcvs_sp	local-closure
ddrqos_freq_table	local-closure
demura_heap_memory	local-closure
disp_bcm_voter	local-closure
disp_cc_mdss_core_gdsc	local-closure
dsps_smp2p_in	local-closure
dsps_smp2p_out	local-closure
dump_mem	local-closure
ete0_out_funnel_ete	local-closure
ete1_out_funnel_ete	local-closure
ete2_out_funnel_ete	local-closure
ete3_out_funnel_ete	local-closure
ete4_out_funnel_ete	local-closure
ete5_out_funnel_ete	local-closure
ete6_out_funnel_ete	local-closure
ete7_out_funnel_ete	local-closure
eud	local-closure
eud_in_replicator_swao	local-closure
eusb2_phy0	local-closure
eusb2_reset_ctrl_default	local-closure
firmware	local-closure
funnel_aoss_in_funnel_lpass_lpi	local-closure
funnel_aoss_in_funnel_qdss	local-closure
funnel_aoss_in_funnel_ssc	local-closure
funnel_aoss_in_tpda_aoss	local-closure
funnel_aoss_out_tmc_etf	local-closure
funnel_apss_in_funnel_ete	local-closure
funnel_apss_in_tpda_apss	local-closure
funnel_apss_out_funnel_in1	local-closure
funnel_ddr_ch02_in_tpdm_ddr_ch02	local-closure
funnel_ddr_ch02_out_funnel_ddr_dl0	local-closure
funnel_ddr_ch13_in_tpdm_ddr_ch13	local-closure
funnel_ddr_ch13_out_funnel_ddr_dl0	local-closure
funnel_ddr_dl0_in_funnel_ddr_ch02	local-closure
funnel_ddr_dl0_in_funnel_ddr_ch13	local-closure
funnel_ddr_dl0_in_funnel_ddr_dl1	local-closure
funnel_ddr_dl0_in_tpdm_ddr_dl0_0	local-closure
funnel_ddr_dl0_in_tpdm_ddr_dl0_1	local-closure
funnel_ddr_dl0_out_funnel_dl_center	local-closure
funnel_ddr_dl0_out_tpda_dl_center_5	local-closure
funnel_ddr_dl0_out_tpda_dl_center_6	local-closure
funnel_ddr_dl0_out_tpda_dl_center_7	local-closure
funnel_ddr_dl0_out_tpda_dl_center_8	local-closure
funnel_ddr_dl1_in_gladiator	local-closure
funnel_ddr_dl1_out_funnel_ddr_dl0	local-closure
funnel_dl_center_in_funnel_ddr_dl0	local-closure
funnel_dl_center_in_funnel_turing	local-closure
funnel_dl_center_in_tpda_dl_center	local-closure
funnel_dl_center_out_funnel_in1	local-closure
funnel_dl_north_in_funnel_spss	local-closure
funnel_dl_north_in_funnel_tmess	local-closure
funnel_dl_north_in_tpda_dl_north	local-closure
funnel_dl_north_out_funnel_in1	local-closure
funnel_dl_south_in_tpda_dl_south	local-closure
funnel_dl_south_out_funnel_in1	local-closure
funnel_dl_west_in_funnel_multimedia	local-closure
funnel_dl_west_in_tpdm_dlwt0	local-closure
funnel_dl_west_in_tpdm_dlwt1	local-closure
funnel_dl_west_out_tpda_dl_center_10	local-closure
funnel_dl_west_out_tpda_dl_center_12	local-closure
funnel_dl_west_out_tpda_dl_center_13	local-closure
funnel_dl_west_out_tpda_dl_center_14	local-closure
funnel_dl_west_out_tpda_dl_center_9	local-closure
funnel_ete_in_ete0	local-closure
funnel_ete_in_ete1	local-closure
funnel_ete_in_ete2	local-closure
funnel_ete_in_ete3	local-closure
funnel_ete_in_ete4	local-closure
funnel_ete_in_ete5	local-closure
funnel_ete_in_ete6	local-closure
funnel_ete_in_ete7	local-closure
funnel_ete_out_funnel_apss	local-closure
funnel_gfx_dl_in_tpdm_gpu	local-closure
funnel_gfx_dl_out_tpda_dl_center_17	local-closure
funnel_in0_in_snoc	local-closure
funnel_in0_in_stm	local-closure
funnel_in0_in_tpda_qdss	local-closure
funnel_in0_out_funnel_qdss	local-closure
funnel_in1_in_funnel_apss	local-closure
funnel_in1_in_funnel_dl_center	local-closure
funnel_in1_in_funnel_dl_north	local-closure
funnel_in1_in_funnel_dl_south	local-closure
funnel_in1_in_funnel_modem	local-closure
funnel_in1_out_funnel_qdss	local-closure
funnel_lpass_in_tpdm_lpass	local-closure
funnel_lpass_lpi_in_audio_etm0	local-closure
funnel_lpass_lpi_in_lpass_stm	local-closure
funnel_lpass_lpi_in_tpdm_lpass_lpi	local-closure
funnel_lpass_lpi_out_funnel_aoss	local-closure
funnel_lpass_out_tpda_dl_center_4	local-closure
funnel_modem_in_funnel_modem_q6	local-closure
funnel_modem_in_modem2_etm0	local-closure
funnel_modem_in_tpda_modem	local-closure
funnel_modem_out_funnel_in1	local-closure
funnel_modem_q6_dup_in_modem_etm0	local-closure
funnel_modem_q6_dup_out_funnel_modem_q6	local-closure
funnel_modem_q6_in_funnel_modem_q6_dup	local-closure
funnel_modem_q6_in_modem_diag	local-closure
funnel_modem_q6_out_funnel_modem	local-closure
funnel_multimedia_in_funnel_video	local-closure
funnel_multimedia_in_tpdm_dlmm	local-closure
funnel_multimedia_in_tpdm_mdss	local-closure
funnel_multimedia_out_funnel_dl_west	local-closure
funnel_qdss_in_funnel_in0	local-closure
funnel_qdss_in_funnel_in1	local-closure
funnel_qdss_out_funnel_aoss	local-closure
funnel_spss_in_tpda_spss	local-closure
funnel_spss_out_funnel_dl_north	local-closure
funnel_ssc_in_sensor_stm	local-closure
funnel_ssc_in_ssc_etm0	local-closure
funnel_ssc_out_funnel_aoss	local-closure
funnel_tmess_in_tpda_tmess	local-closure
funnel_tmess_out_funnel_dl_north	local-closure
funnel_turing_dup_in_turing_etm0	local-closure
funnel_turing_dup_out_funnel_turing	local-closure
funnel_turing_in_funnel_turing_dup	local-closure
funnel_turing_in_tpdm_turing	local-closure
funnel_turing_in_tpdm_turing_llm	local-closure
funnel_turing_out_funnel_dl_center	local-closure
funnel_turing_out_tpda_dl_center_15	local-closure
funnel_turing_out_tpda_dl_center_16	local-closure
funnel_video_in_tpdm_video	local-closure
funnel_video_out_funnel_multimedia	local-closure
gcc_apcs_gdsc_vote_ctrl	local-closure
gcc_pcie_0_gdsc	local-closure
gcc_pcie_1_gdsc	local-closure
gcc_ufs_phy_gdsc	local-closure
gcc_usb30_prim_gdsc	local-closure
gem_noc	local-closure
gic_its	local-closure
gladiator_out_funnel_ddr_dl1	local-closure
gpi_dma0	local-closure
gpi_dma1	local-closure
gpi_dma2	local-closure
gpu0_tj_cfg	local-closure
gpu1_tj_cfg	local-closure
gpu_cc_cx_gdsc	local-closure
gpu_cc_cx_hw_ctrl	local-closure
gpu_cc_gx_acd_iroot_reset	local-closure
gpu_cc_gx_acd_reset	local-closure
gpu_cc_gx_domain_addr	local-closure
gpu_cc_gx_gdsc	local-closure
gpu_cc_gx_sw_reset	local-closure
gpu_microcode_mem	local-closure
gpu_speed_bin	local-closure
hap_cl_brake	local-closure
intc	local-closure
ipa_gsi_mem	local-closure
ipcc_mproc	local-closure
isense_trim_trip	local-closure
key_vol_up_default	local-closure
kgsl_smmu	local-closure
l3_dcvs_sp	local-closure
llcc_dcvs_fp	local-closure
llcc_freq_table	local-closure
lpass_stm_out_funnel_lpass_lpi	local-closure
mc_virt	local-closure
mdmss0_config0	local-closure
mdmss0_config1	local-closure
mdmss1_config0	local-closure
mdmss1_config1	local-closure
mdmss2_config0	local-closure
mdmss2_config1	local-closure
mdmss3_config0	local-closure
mdmss3_config1	local-closure
mi_ts_active	local-closure
mi_ts_cs_active	local-closure
mi_ts_cs_suspend	local-closure
mi_ts_spi_active	local-closure
mi_ts_spi_suspend	local-closure
modem2_etm0_out_funnel_modem	local-closure
modem_diag_out_funnel_modem_q6	local-closure
modem_etm0_out_funnel_modem_q6_dup	local-closure
modem_lte_dsc	local-closure
modem_nr_dsc	local-closure
modem_nr_scg_dsc	local-closure
modem_smp2p_in	local-closure
modem_smp2p_out	local-closure
mpss_mem	local-closure
msm_gpio_irq	local-closure
msm_gpio_reset	local-closure
msm_gpio_reset_output_high	local-closure
msm_gpu	local-closure
mx_pe	local-closure
mx_pe_config1	local-closure
mx_pe_config2	local-closure
mx_pe_config3	local-closure
nfc_enable_active	local-closure
nfc_enable_suspend	local-closure
nfc_int_active	local-closure
nfc_int_suspend	local-closure
non_secure_display_memory	local-closure
nsp_noc	local-closure
nspss_0_config	local-closure
nspss_1_config	local-closure
nspss_2_config	local-closure
nxp_eusb2_repeater	local-closure
pcie0	local-closure
pcie0_clkreq_default	local-closure
pcie0_clkreq_sleep	local-closure
pcie0_perst_default	local-closure
pcie0_rp	local-closure
pcie0_wake_default	local-closure
pcie1	local-closure
pcie1_clkreq_default	local-closure
pcie1_clkreq_sleep	local-closure
pcie1_msi	local-closure
pcie1_perst_default	local-closure
pcie1_wake_default	local-closure
pcie_noc	local-closure
pdc	local-closure
pm8008i_active	local-closure
pm8008j_active	local-closure
pm8350_gpios	local-closure
pm8350_l5	local-closure
pm8350_l5_ao	local-closure
pm8350_trip0	local-closure
pm8350_tz	local-closure
pm8350b_bcl	local-closure
pm8350b_gpios	local-closure
pm8350b_haptics	local-closure
pm8350b_pbs2	local-closure
pm8350b_rear_tof_therm_default	local-closure
pm8350b_tz	local-closure
pm8350c_bcl	local-closure
pm8350c_flash	local-closure
pm8350c_gpios	local-closure
pm8350c_l10	local-closure
pm8350c_l10_ao	local-closure
pm8350c_pwm_1	local-closure
pm8350c_switch0	local-closure
pm8350c_switch1	local-closure
pm8350c_switch2	local-closure
pm8350c_trip0	local-closure
pm8350c_tz	local-closure
pm8450_l2	local-closure
pm8450_trip0	local-closure
pm8450_tz	local-closure
pmk8350	local-closure
pmk8350_adc_tm	local-closure
pmk8350_sdam_13	local-closure
pmk8350_sdam_14	local-closure
pmk8350_sdam_2	local-closure
pmk8350_sdam_21	local-closure
pmk8350_sdam_22	local-closure
pmk8350_sdam_23	local-closure
pmk8350_sdam_41	local-closure
pmk8350_sdam_46	local-closure
pmk8350_sdam_5	local-closure
pmk8350_vadc	local-closure
pmr735a_tz	local-closure
pmr735b_tz	local-closure
qcom_ddr_dcvs_hw	local-closure
qcom_ddrqos_dcvs_hw	local-closure
qcom_l3_dcvs_hw	local-closure
qcom_llcc_dcvs_hw	local-closure
qcom_memlat	local-closure
qmi_sensor	local-closure
qmp_aop	local-closure
qmp_tme	local-closure
qseecom_mem	local-closure
qseecom_ta_mem	local-closure
qupv3_0	local-closure
qupv3_1	local-closure
qupv3_2	local-closure
qupv3_se0_i2c_active	local-closure
qupv3_se0_i2c_sleep	local-closure
qupv3_se0_spi_active	local-closure
qupv3_se0_spi_sleep	local-closure
qupv3_se10_i2c_active	local-closure
qupv3_se10_i2c_sleep	local-closure
qupv3_se10_spi_active	local-closure
qupv3_se10_spi_sleep	local-closure
qupv3_se11_i2c_active	local-closure
qupv3_se11_i2c_sleep	local-closure
qupv3_se11_spi_active	local-closure
qupv3_se11_spi_sleep	local-closure
qupv3_se12_i2c_active	local-closure
qupv3_se12_i2c_sleep	local-closure
qupv3_se12_spi_active	local-closure
qupv3_se12_spi_sleep	local-closure
qupv3_se13_i2c_active	local-closure
qupv3_se13_i2c_sleep	local-closure
qupv3_se13_spi	local-closure
qupv3_se13_spi_active	local-closure
qupv3_se13_spi_sleep	local-closure
qupv3_se14_i2c_active	local-closure
qupv3_se14_i2c_sleep	local-closure
qupv3_se14_spi_active	local-closure
qupv3_se14_spi_sleep	local-closure
qupv3_se15_i2c	local-closure
qupv3_se15_i2c_active	local-closure
qupv3_se15_i2c_sleep	local-closure
qupv3_se15_i3c_active	local-closure
qupv3_se15_i3c_disable	local-closure
qupv3_se15_i3c_sleep	local-closure
qupv3_se15_spi_active	local-closure
qupv3_se15_spi_sleep	local-closure
qupv3_se16_i2c	local-closure
qupv3_se16_i2c_active	local-closure
qupv3_se16_i2c_sleep	local-closure
qupv3_se16_spi_active	local-closure
qupv3_se16_spi_sleep	local-closure
qupv3_se17_i2c_active	local-closure
qupv3_se17_i2c_sleep	local-closure
qupv3_se17_spi_active	local-closure
qupv3_se17_spi_sleep	local-closure
qupv3_se18_i2c_active	local-closure
qupv3_se18_i2c_sleep	local-closure
qupv3_se18_spi_active	local-closure
qupv3_se18_spi_sleep	local-closure
qupv3_se19_i2c	local-closure
qupv3_se19_i2c_active	local-closure
qupv3_se19_i2c_sleep	local-closure
qupv3_se19_spi_active	local-closure
qupv3_se19_spi_sleep	local-closure
qupv3_se1_i2c_active	local-closure
qupv3_se1_i2c_sleep	local-closure
qupv3_se1_spi_active	local-closure
qupv3_se1_spi_sleep	local-closure
qupv3_se20_4uart	local-closure
qupv3_se20_cts	local-closure
qupv3_se20_default_cts	local-closure
qupv3_se20_default_rtsrx	local-closure
qupv3_se20_default_tx	local-closure
qupv3_se20_i2c_active	local-closure
qupv3_se20_i2c_sleep	local-closure
qupv3_se20_rts	local-closure
qupv3_se20_rx_active	local-closure
qupv3_se20_rx_wake	local-closure
qupv3_se20_spi_active	local-closure
qupv3_se20_spi_sleep	local-closure
qupv3_se20_tx	local-closure
qupv3_se21_i2c_active	local-closure
qupv3_se21_i2c_sleep	local-closure
qupv3_se21_spi_active	local-closure
qupv3_se21_spi_sleep	local-closure
qupv3_se2_i2c_active	local-closure
qupv3_se2_i2c_sleep	local-closure
qupv3_se2_spi_active	local-closure
qupv3_se2_spi_sleep	local-closure
qupv3_se3_i2c_active	local-closure
qupv3_se3_i2c_sleep	local-closure
qupv3_se3_spi_active	local-closure
qupv3_se3_spi_sleep	local-closure
qupv3_se4_i2c_active	local-closure
qupv3_se4_i2c_sleep	local-closure
qupv3_se4_spi	local-closure
qupv3_se4_spi_active	local-closure
qupv3_se4_spi_sleep	local-closure
qupv3_se5_i2c	local-closure
qupv3_se5_i2c_active	local-closure
qupv3_se5_i2c_sleep	local-closure
qupv3_se5_spi_active	local-closure
qupv3_se5_spi_sleep	local-closure
qupv3_se6_i2c_active	local-closure
qupv3_se6_i2c_sleep	local-closure
qupv3_se6_spi_active	local-closure
qupv3_se6_spi_sleep	local-closure
qupv3_se7_2uart	local-closure
qupv3_se7_2uart_active	local-closure
qupv3_se7_2uart_sleep	local-closure
qupv3_se8_i2c_active	local-closure
qupv3_se8_i2c_sleep	local-closure
qupv3_se8_spi_active	local-closure
qupv3_se8_spi_sleep	local-closure
qupv3_se9_i2c	local-closure
qupv3_se9_i2c_active	local-closure
qupv3_se9_i2c_sleep	local-closure
qupv3_se9_i3c_active	local-closure
qupv3_se9_i3c_disable	local-closure
qupv3_se9_i3c_sleep	local-closure
qupv3_se9_spi_active	local-closure
qupv3_se9_spi_sleep	local-closure
replicator_etr_in_replicator_qdss	local-closure
replicator_etr_out_tmc_etr	local-closure
replicator_etr_out_tmc_etr1	local-closure
replicator_qdss_in_replicator_swao	local-closure
replicator_qdss_out_replicator_etr	local-closure
replicator_swao_in_tmc_etf	local-closure
replicator_swao_out_eud	local-closure
replicator_swao_out_replicator_qdss	local-closure
reserved_memory	local-closure
restart_reason	local-closure
rimps	local-closure
sdc2_off	local-closure
sdc2_on	local-closure
sdhc2_opp_table	local-closure
sdhc_2	local-closure
sdsp_mem	local-closure
sensor_stm_out_funnel_ssc	local-closure
sleep_clk	local-closure
sleepstate_smp2p_in	local-closure
sleepstate_smp2p_out	local-closure
slimbam	local-closure
slpi_mem	local-closure
slpi_pas	local-closure
smb1394_glink_debug	local-closure
smem_mem	local-closure
smp2p_ipa_1_in	local-closure
smp2p_ipa_1_out	local-closure
smp2p_rdbg2_in	local-closure
smp2p_rdbg2_out	local-closure
smp2p_rdbg5_in	local-closure
smp2p_rdbg5_out	local-closure
snoc_out_funnel_in0	local-closure
soc	local-closure
sp_mem	local-closure
spmi0_bus	local-closure
spmi1_bus	local-closure
spmi_bus	local-closure
spss_pas	local-closure
spss_region_mem	local-closure
spu_modem_shared_mem	local-closure
spu_tz_shared_mem	local-closure
ssc_etm0_out_funnel_ssc	local-closure
stm_out_funnel_in0	local-closure
system_cma	local-closure
system_noc	local-closure
tcsr	local-closure
tcsr_mutex	local-closure
tcsr_mutex_block	local-closure
thermal_ddr_freq_table	local-closure
thermal_zones	local-closure
tlmm	local-closure
tmc_etf_in_funnel_aoss	local-closure
tmc_etf_out_replicator_swao	local-closure
tmc_etr1_in_replicator_etr	local-closure
tmc_etr_in_replicator_etr	local-closure
tpda_aoss_0_in_tpdm_swao_prio_0	local-closure
tpda_aoss_1_in_tpdm_swao_prio_1	local-closure
tpda_aoss_2_in_tpdm_swao_prio_2	local-closure
tpda_aoss_3_in_tpdm_swao_prio_3	local-closure
tpda_aoss_4_in_tpdm_swao	local-closure
tpda_aoss_out_funnel_aoss	local-closure
tpda_apss_0_in_tpdm_llm_silver	local-closure
tpda_apss_1_in_tpdm_llm_gold	local-closure
tpda_apss_2_in_tpdm_apss_llm	local-closure
tpda_apss_3_in_tpdm_apss0	local-closure
tpda_apss_4_in_tpdm_apps1	local-closure
tpda_apss_out_funnel_apss	local-closure
tpda_dl_center_10_in_funnel_dl_west	local-closure
tpda_dl_center_12_in_funnel_dl_west	local-closure
tpda_dl_center_13_in_funnel_dl_west	local-closure
tpda_dl_center_14_in_funnel_dl_west	local-closure
tpda_dl_center_15_in_funnel_turing	local-closure
tpda_dl_center_16_in_funnel_turing	local-closure
tpda_dl_center_17_in_funnel_gfx_dl	local-closure
tpda_dl_center_19_in_tpdm_prng	local-closure
tpda_dl_center_20_in_tpdm_qm	local-closure
tpda_dl_center_21_in_tpdm_gcc	local-closure
tpda_dl_center_22_in_tpdm_vsense	local-closure
tpda_dl_center_23_in_tpdm_ipa	local-closure
tpda_dl_center_25_in_tpdm_pimem	local-closure
tpda_dl_center_26_in_tpdm_dlct	local-closure
tpda_dl_center_27_in_tpdm_ipcc	local-closure
tpda_dl_center_4_in_funnel_lpass	local-closure
tpda_dl_center_5_in_funnel_ddr_dl0	local-closure
tpda_dl_center_6_in_funnel_ddr_dl0	local-closure
tpda_dl_center_7_in_funnel_ddr_dl0	local-closure
tpda_dl_center_8_in_funnel_ddr_dl0	local-closure
tpda_dl_center_9_in_funnel_dl_west	local-closure
tpda_dl_center_out_funnel_dl_center	local-closure
tpda_dl_north_1_in_tpdm_sdcc2	local-closure
tpda_dl_north_2_in_tpdm_dl_north	local-closure
tpda_dl_north_out_funnel_dl_north	local-closure
tpda_dl_south_1_in_tpdm_sdcc4	local-closure
tpda_dl_south_2_in_tpdm_dl_south	local-closure
tpda_dl_south_out_funnel_dl_south	local-closure
tpda_modem_0_in_tpdm_modem_0	local-closure
tpda_modem_1_in_tpdm_modem_1	local-closure
tpda_modem_out_funnel_modem	local-closure
tpda_qdss_0_in_tpdm_dcc	local-closure
tpda_qdss_1_in_tpdm_spdm	local-closure
tpda_qdss_out_funnel_in0	local-closure
tpda_spss_in_tpdm_spss	local-closure
tpda_spss_out_funnel_spss	local-closure
tpda_tmess_0_in_tpdm_tmess_prng	local-closure
tpda_tmess_1_in_tpdm_tmess_0	local-closure
tpda_tmess_2_in_tpdm_tmess_1	local-closure
tpda_tmess_out_funnel_tmess	local-closure
tpdm_apps1_out_tpda_apss_4	local-closure
tpdm_apss0_out_tpda_apss_3	local-closure
tpdm_apss_llm_out_tpda_apss_2	local-closure
tpdm_dcc_out_tpda_qdss_0	local-closure
tpdm_ddr	local-closure
tpdm_ddr_ch02	local-closure
tpdm_ddr_ch02_out_funnel_ddr_ch02	local-closure
tpdm_ddr_ch13	local-closure
tpdm_ddr_ch13_out_funnel_ddr_ch13	local-closure
tpdm_ddr_dl0_0_out_funnel_ddr_dl0	local-closure
tpdm_ddr_dl0_1_out_funnel_ddr_dl0	local-closure
tpdm_dl_north_out_tpda_dl_north_2	local-closure
tpdm_dl_south_out_tpda_dl_south_2	local-closure
tpdm_dlct_out_tpda_dl_center_26	local-closure
tpdm_dlmm_out_funnel_multimedia	local-closure
tpdm_dlwt0_out_funnel_dl_west	local-closure
tpdm_dlwt1_out_funnel_dl_west	local-closure
tpdm_gcc_out_tpda_dl_center_21	local-closure
tpdm_gpu_out_funnel_gfx_dl	local-closure
tpdm_ipa_out_tpda_dl_center_23	local-closure
tpdm_ipcc_out_tpda_dl_center_27	local-closure
tpdm_llm_gold_out_tpda_apss_1	local-closure
tpdm_llm_silver_out_tpda_apss_0	local-closure
tpdm_lpass_lpi_out_funnel_lpass_lpi	local-closure
tpdm_lpass_out_funnel_lpass	local-closure
tpdm_mdss	local-closure
tpdm_mdss_out_funnel_multimedia	local-closure
tpdm_mm	local-closure
tpdm_modem_0_out_tpda_modem_0	local-closure
tpdm_modem_1_out_tpda_modem_1	local-closure
tpdm_pimem_out_tpda_dl_center_25	local-closure
tpdm_prng_out_tpda_dl_center_19	local-closure
tpdm_qm_out_tpda_dl_center_20	local-closure
tpdm_rdpm	local-closure
tpdm_rdpm_mx	local-closure
tpdm_sdcc2_out_tpda_dl_north_1	local-closure
tpdm_sdcc4_out_tpda_dl_south_1	local-closure
tpdm_shrm	local-closure
tpdm_spdm_out_tpda_qdss_1	local-closure
tpdm_spss_out_tpda_spss	local-closure
tpdm_swao_out_tpda_aoss_4	local-closure
tpdm_swao_prio_0_out_tpda_aoss_0	local-closure
tpdm_swao_prio_1_out_tpda_aoss_1	local-closure
tpdm_swao_prio_2_out_tpda_aoss_2	local-closure
tpdm_swao_prio_3_out_tpda_aoss_3	local-closure
tpdm_tmess_0_out_tpda_tmess_1	local-closure
tpdm_tmess_1_out_tpda_tmess_2	local-closure
tpdm_tmess_prng_out_tpda_tmess_0	local-closure
tpdm_turing	local-closure
tpdm_turing_llm	local-closure
tpdm_turing_llm_out_funnel_turing	local-closure
tpdm_turing_out_funnel_turing	local-closure
tpdm_video	local-closure
tpdm_video_out_funnel_video	local-closure
tpdm_vsense_out_tpda_dl_center_22	local-closure
trigout_a	local-closure
trust_ui_vm	local-closure
trust_ui_vm_mem	local-closure
trust_ui_vm_qrtr	local-closure
trust_ui_vm_swiotlb	local-closure
trust_ui_vm_vblk0_ring	local-closure
ts_int_suspend	local-closure
ts_reset_suspend	local-closure
tsens0	local-closure
tsens1	local-closure
turing_etm0_out_funnel_turing_dup	local-closure
ucsi	local-closure
ufshc_mem	local-closure
ufsphy_mem	local-closure
usb0	local-closure
usb3phy_portselect_default	local-closure
usb_nop_phy	local-closure
usb_port0	local-closure
usb_port0_connector	local-closure
user_contig_mem	local-closure
va_md_mem	local-closure
video_cc_mvs0c_gdsc	local-closure
video_cc_mvs1_gdsc	local-closure
video_cc_mvs1c_gdsc	local-closure
