ARM_QCOM_CPUFREQ_HW	enabled	CONFIG_ARM_QCOM_CPUFREQ_HW=m
ARM_SMMU	enabled	CONFIG_ARM_SMMU=m
ARM_SMMU_DISABLE_BYPASS_BY_DEFAULT	enabled	CONFIG_ARM_SMMU_DISABLE_BYPASS_BY_DEFAULT=y
CFG80211	enabled	CONFIG_CFG80211=m
CFG80211_CERTIFICATION_ONUS	disabled	# CONFIG_CFG80211_CERTIFICATION_ONUS is not set
CFG80211_CRDA_SUPPORT	enabled	CONFIG_CFG80211_CRDA_SUPPORT=y
CFG80211_DEBUGFS	disabled	# CONFIG_CFG80211_DEBUGFS is not set
CFG80211_DEFAULT_PS	enabled	CONFIG_CFG80211_DEFAULT_PS=y
CFG80211_DEVELOPER_WARNINGS	disabled	# CONFIG_CFG80211_DEVELOPER_WARNINGS is not set
CFG80211_REQUIRE_SIGNED_REGDB	enabled	CONFIG_CFG80211_REQUIRE_SIGNED_REGDB=y
CFG80211_USE_KERNEL_REGDB_KEYS	enabled	CONFIG_CFG80211_USE_KERNEL_REGDB_KEYS=y
CFG80211_WEXT	disabled	# CONFIG_CFG80211_WEXT is not set
CHR_DEV_SG	enabled	CONFIG_CHR_DEV_SG=m
COMMON_CLK_QCOM	enabled	CONFIG_COMMON_CLK_QCOM=m
CORESIGHT	enabled	CONFIG_CORESIGHT=m
CORESIGHT_CTI	enabled	CONFIG_CORESIGHT_CTI=m
CORESIGHT_DUMMY	enabled	CONFIG_CORESIGHT_DUMMY=m
CORESIGHT_LINKS_AND_SINKS	enabled	CONFIG_CORESIGHT_LINKS_AND_SINKS=m
CORESIGHT_LINK_AND_SINK_TMC	enabled	CONFIG_CORESIGHT_LINK_AND_SINK_TMC=m
CORESIGHT_STM	enabled	CONFIG_CORESIGHT_STM=m
CORESIGHT_TPDA	enabled	CONFIG_CORESIGHT_TPDA=m
CORESIGHT_TPDM	enabled	CONFIG_CORESIGHT_TPDM=m
DRM_LONTIUM_LT9611UXC	enabled	CONFIG_DRM_LONTIUM_LT9611UXC=m
EDAC_QCOM	enabled	CONFIG_EDAC_QCOM=m
FTRACE_STARTUP_TEST	disabled	# CONFIG_FTRACE_STARTUP_TEST is not set
HWMON	enabled	CONFIG_HWMON=m
HWSPINLOCK_QCOM	enabled	CONFIG_HWSPINLOCK_QCOM=m
INPUT_JOYSTICK	enabled	CONFIG_INPUT_JOYSTICK=y
INPUT_PM8941_PWRKEY	enabled	CONFIG_INPUT_PM8941_PWRKEY=m
INTERCONNECT_QCOM	enabled	CONFIG_INTERCONNECT_QCOM=m
IR_SPI	enabled	CONFIG_IR_SPI=m
JOYSTICK_XPAD	enabled	CONFIG_JOYSTICK_XPAD=y
JOYSTICK_XPAD_FF	enabled	CONFIG_JOYSTICK_XPAD_FF=y
JOYSTICK_XPAD_LEDS	enabled	CONFIG_JOYSTICK_XPAD_LEDS=y
LIRC	enabled	CONFIG_LIRC=y
LOCALVERSION	enabled	CONFIG_LOCALVERSION="-gki"
LOG_BUF_SHIFT	enabled	CONFIG_LOG_BUF_SHIFT=21
MAC80211	enabled	CONFIG_MAC80211=m
MAC80211_DEBUGFS	disabled	# CONFIG_MAC80211_DEBUGFS is not set
MAC80211_DEBUG_MENU	disabled	# CONFIG_MAC80211_DEBUG_MENU is not set
MAC80211_HAS_RC	enabled	CONFIG_MAC80211_HAS_RC=y
MAC80211_HWSIM	disabled	# CONFIG_MAC80211_HWSIM is not set
MAC80211_LEDS	disabled	# CONFIG_MAC80211_LEDS is not set
MAC80211_MESH	disabled	# CONFIG_MAC80211_MESH is not set
MAC80211_MESSAGE_TRACING	disabled	# CONFIG_MAC80211_MESSAGE_TRACING is not set
MAC80211_RC_DEFAULT	enabled	CONFIG_MAC80211_RC_DEFAULT="minstrel_ht"
MAC80211_RC_DEFAULT_MINSTREL	enabled	CONFIG_MAC80211_RC_DEFAULT_MINSTREL=y
MAC80211_RC_MINSTREL	enabled	CONFIG_MAC80211_RC_MINSTREL=y
MFD_SPMI_PMIC	enabled	CONFIG_MFD_SPMI_PMIC=m
MFD_WCD934X	disabled	# CONFIG_MFD_WCD934X is not set
MHI_BUS	enabled	CONFIG_MHI_BUS=m
MMC_SDHCI_MSM	enabled	CONFIG_MMC_SDHCI_MSM=m
MTD	enabled	CONFIG_MTD=m
MTD_BLOCK	enabled	CONFIG_MTD_BLOCK=m
MTD_BLOCK2MTD	enabled	CONFIG_MTD_BLOCK2MTD=m
MTD_OOPS	enabled	CONFIG_MTD_OOPS=m
NETFILTER_XT_MATCH_CONNBYTES	enabled	CONFIG_NETFILTER_XT_MATCH_CONNBYTES=y
NL80211_TESTMODE	enabled	CONFIG_NL80211_TESTMODE=y
NOP_USB_XCEIV	enabled	CONFIG_NOP_USB_XCEIV=m
NVMEM_SPMI_SDAM	enabled	CONFIG_NVMEM_SPMI_SDAM=m
PINCTRL_QCOM_SPMI_PMIC	enabled	CONFIG_PINCTRL_QCOM_SPMI_PMIC=m
POWER_RESET_QCOM_PON	enabled	CONFIG_POWER_RESET_QCOM_PON=m
QCOM_AOSS_QMP	enabled	CONFIG_QCOM_AOSS_QMP=m
QCOM_APR	disabled	# CONFIG_QCOM_APR is not set
QCOM_BAM_DMA	enabled	CONFIG_QCOM_BAM_DMA=m
QCOM_CLK_RPMH	enabled	CONFIG_QCOM_CLK_RPMH=m
QCOM_COMMAND_DB	enabled	CONFIG_QCOM_COMMAND_DB=m
QCOM_FASTRPC	disabled	# CONFIG_QCOM_FASTRPC is not set
QCOM_LLCC	enabled	CONFIG_QCOM_LLCC=m
QCOM_PDC	enabled	CONFIG_QCOM_PDC=m
QCOM_PDR_HELPERS	enabled	CONFIG_QCOM_PDR_HELPERS=m
QCOM_PIL_INFO	enabled	CONFIG_QCOM_PIL_INFO=m
QCOM_Q6V5_ADSP	disabled	# CONFIG_QCOM_Q6V5_ADSP is not set
QCOM_Q6V5_MSS	disabled	# CONFIG_QCOM_Q6V5_MSS is not set
QCOM_Q6V5_PAS	enabled	CONFIG_QCOM_Q6V5_PAS=m
QCOM_Q6V5_WCSS	disabled	# CONFIG_QCOM_Q6V5_WCSS is not set
QCOM_RPMH	enabled	CONFIG_QCOM_RPMH=m
QCOM_SCM	enabled	CONFIG_QCOM_SCM=m
QCOM_SMD_RPM	disabled	# CONFIG_QCOM_SMD_RPM is not set
QCOM_SMEM	enabled	CONFIG_QCOM_SMEM=m
QCOM_SMP2P	enabled	CONFIG_QCOM_SMP2P=m
QCOM_SMSM	disabled	# CONFIG_QCOM_SMSM is not set
QCOM_SOCINFO	enabled	CONFIG_QCOM_SOCINFO=m
QCOM_SPMI_ADC5	enabled	CONFIG_QCOM_SPMI_ADC5=m
QCOM_SPMI_TEMP_ALARM	enabled	CONFIG_QCOM_SPMI_TEMP_ALARM=m
QCOM_SYSMON	enabled	CONFIG_QCOM_SYSMON=m
QCOM_TSENS	enabled	CONFIG_QCOM_TSENS=m
QCOM_WCNSS_CTRL	disabled	# CONFIG_QCOM_WCNSS_CTRL is not set
QCOM_WCNSS_PIL	disabled	# CONFIG_QCOM_WCNSS_PIL is not set
QRTR	enabled	CONFIG_QRTR=m
QRTR_MHI	enabled	CONFIG_QRTR_MHI=m
QRTR_SMD	enabled	CONFIG_QRTR_SMD=m
RC_CORE	enabled	CONFIG_RC_CORE=y
RC_DECODERS	enabled	CONFIG_RC_DECODERS=y
RC_DEVICES	enabled	CONFIG_RC_DEVICES=y
REGULATOR_QCOM_PM8008	enabled	CONFIG_REGULATOR_QCOM_PM8008=m
RPMSG_QCOM_GLINK_SMEM	enabled	CONFIG_RPMSG_QCOM_GLINK_SMEM=m
RPMSG_QCOM_SMD	enabled	CONFIG_RPMSG_QCOM_SMD=m
RTC_DRV_PM8XXX	enabled	CONFIG_RTC_DRV_PM8XXX=m
RTL8723BS	disabled	# CONFIG_RTL8723BS is not set
SCSI_UFS_QCOM	enabled	CONFIG_SCSI_UFS_QCOM=m
SLIMBUS	enabled	CONFIG_SLIMBUS=m
SLIM_QCOM_NGD_CTRL	enabled	CONFIG_SLIM_QCOM_NGD_CTRL=m
SND_SOC_WCD9335	disabled	# CONFIG_SND_SOC_WCD9335 is not set
SND_USB_AUDIO_QMI	enabled	CONFIG_SND_USB_AUDIO_QMI=m
SPMI_MSM_PMIC_ARB	enabled	CONFIG_SPMI_MSM_PMIC_ARB=m
STM_PROTO_BASIC	enabled	CONFIG_STM_PROTO_BASIC=m
STM_SOURCE_CONSOLE	enabled	CONFIG_STM_SOURCE_CONSOLE=m
STM_SOURCE_FTRACE	enabled	CONFIG_STM_SOURCE_FTRACE=m
TOUCHSCREEN_ATMEL_MXT	enabled	CONFIG_TOUCHSCREEN_ATMEL_MXT=m
USB_DWC3_HAPS	disabled	# CONFIG_USB_DWC3_HAPS is not set
USB_DWC3_OF_SIMPLE	disabled	# CONFIG_USB_DWC3_OF_SIMPLE is not set
USB_DWC3_QCOM	disabled	# CONFIG_USB_DWC3_QCOM is not set
USB_EHSET_TEST_FIXTURE	enabled	CONFIG_USB_EHSET_TEST_FIXTURE=m
USB_LINK_LAYER_TEST	enabled	CONFIG_USB_LINK_LAYER_TEST=m
USB_NET_AX88179_178A	enabled	CONFIG_USB_NET_AX88179_178A=m
USB_NET_AX8817X	enabled	CONFIG_USB_NET_AX8817X=m
VIRT_DRIVERS	enabled	CONFIG_VIRT_DRIVERS=y
VIRT_WIFI	disabled	# CONFIG_VIRT_WIFI is not set
WFX	disabled	# CONFIG_WFX is not set
WILC1000_SDIO	disabled	# CONFIG_WILC1000_SDIO is not set
WILC1000_SPI	disabled	# CONFIG_WILC1000_SPI is not set
ZRAM	enabled	CONFIG_ZRAM=m
ZSMALLOC	enabled	CONFIG_ZSMALLOC=m
