dt-bindings/arm/msm/qcom_dma_heap_dt_constants.h	541ac20a742ecfed2d2e00a586fd0dd5dc79d0859715fabd1acfa2ed49dccd68
dt-bindings/clock/qcom,aop-qmp.h	23028e792c9dbe8f7060b4eac86784043727af6f1189355be9dcb1375c7a9488
dt-bindings/clock/qcom,camcc-waipio.h	9cd86a8b276800e950de88dd2c9280aa3a332add967a5eb51968542c572d4883
dt-bindings/clock/qcom,dispcc-waipio.h	f84e2f14a9e6568ab2244a5c28286cfb1c6393b9417cbf47c79ecf78f634cd5e
dt-bindings/clock/qcom,gcc-waipio.h	b63d6eb02115d3200311d885838fad50189c27d8d706197275945100ef566ffa
dt-bindings/clock/qcom,gpucc-waipio.h	fc1e3e46e516ef9559725d68f76a17c1ba638ace987f33a68870ece1cf6a887f
dt-bindings/clock/qcom,videocc-waipio.h	c01ec339c5b3640e4fa4e7673a5054c0c448547fcbe20952238eeaa933a82564
dt-bindings/input/qcom,hv-haptics.h	609c84d842091aa6f3ecb8a075767abdb53e3f2871d17adc439462b4dfb8c53e
dt-bindings/input/qcom,qpnp-power-on.h	4f8e2f981562d97072c40af4617bf909c5d2e6d71cd44eb7d701a8416b924b3e
dt-bindings/interconnect/qcom,waipio.h	e6500075a7d908de457b35aff0e69dad2ced15191fe079d7db6987a4fc1b0417
dt-bindings/phy/qcom,usb3-4nm-qmp-combo.h	43e0c25b0ff18a0af4a1b7fa874e04b566d626aa028939d9bb25ca7cce28422f
dt-bindings/regulator/qcom,rpmh-regulator-levels.h	d999f3378d9c3d62b92da424fadd9582a3673443fd3cc9975b7e3b9db01d5f53
dt-bindings/soc/qcom,dcc_v2.h	d48a79057bf5b85506c2107d1c7d83ff44a7e08833fd893654ab07d79d9dad5c
dt-bindings/soc/qcom,ipcc.h	7d58af35e5188ac8c479620ddcc33074c836a21f4bfa08f4a54f164d8ec767ed
dt-bindings/thermal/thermal_qti.h	1e2f546e166b3c0d894025dac4825eb71cdec3e694105d6d056cd0fe32ef1c05
