cape-coresight.dtsi	f0e0ae94cd0f6f405de7eefe73b9595f63e0a76a73009dd04d874cab62450794
cape-debug.dtsi	3a4a931bd1d153352d0743c58fcd9d8f257be9a7842e18978f0d2dd9f1d85e0f
cape-dma-heaps.dtsi	97dc1c2bda0b36376d7d0207caf512928e68118343e96f0e7aed3002b8a6a6fa
cape-gpu.dtsi	94eaf78e122a79a338689c018d425c93edd4c0eef14d9a2669fe67602224f70d
cape-pcie.dtsi	5fcdcd46d6a621262882fb4512eaa1eba7e97f33357880ff711be99fbd0fc3e0
cape-pinctrl.dtsi	fe5d5af0930c37219d55ea06c4be395306f476fcf925e9de11f22301d5617b49
cape-pmic-overlay.dtsi	e92887d19fb9938afa79a34f31f3bf153b48616a3642327c0f4e4650b709210b
cape-regulators.dtsi	3ca67e37b290c154cc11e0e9006bd0bb1a9d7d8f74c58849c52dbadfedb90a9d
cape-reserved-memory.dtsi	6a4146fde1bbfd82a9391cd65b348d62ea4942d04a1d38d329b24ebe51883494
cape-thermal.dtsi	8d54ee0b3484062cfda860ad996d7eab13f9b2e47e2d62eee8dd259fd55964c8
cape-usb.dtsi	ad6e56ad45845a8efa0a2c8f22b155341c5d3e37b033c05a225d4ab871374814
cape.dtsi	8000f0738fb9f7d2902d0a2ac15b48268fceb213a4a285f2aa2f950c689723aa
ipcc-test.dtsi	b417ee38a98327db76798d649b203bd9acadc83b1b9247ff76a9f8769af5cf34
marble-pinctrl.dtsi	f23c6b707adce9b7255163729b888040270a9635a6a56e866981e62f085fb715
marble-sm7475-pm8008-overlay.dts	d0327a2cd46c0685170445d67179a9151f3d3604aad1b5afc9f7739b80de8707
marble-sm7475.dtsi	76f16a22ce443531a43c5f9985179e8b25686f6c910d0a4b783f2864c6b64c64
msm-arm-smmu-waipio.dtsi	d07c11cd9fc9e9320be54489580266616fbcd843bbdd1ce0528a4380b1738cbf
msm-rdbg.dtsi	eeee8ce9bb912f8a4dea8b146b15d36bce82d6c9f191b20169f5357d8c728574
ukee.dts	6354c80a18349e2d678d76a870b76ef3bedd8eb66fc208a793734643d97d417e
ukee.dtsi	ed85e61ba2f2c5ec7a7659c2d31214564ad3e81a21466e83440ae20211ed8b05
waipio-clock.dtsi	b3271a4cad56bd6c5693d104f18a498afce82e2195b91475edb064ac89db4d19
waipio-coresight.dtsi	2f11a543064547e4f24e10d9a2dad8fa50bffd5f72b225a3074eba7ed0145a5b
waipio-eva.dtsi	bcc5140dae42d6bd27563f182bb6c5cdbaa09f6fa0e5eb6df4151566b215f83c
waipio-pm8008.dtsi	e7b7fb2ce0bf91dd7d53c0c07e55aea44b7ddc4e855ec2d3304ea55e80735544
waipio-qupv3.dtsi	90ae303e8b542eb15932a0a7241be1cb9e2d21c6834b31c0330f5ad9427b0cfb
waipio-thermal-modem.dtsi	11255f7aff951d85b7a6a8f1ee8f264233fc916d193791af700c7807d62774e3
waipio-thermal-overlay.dtsi	abe3c3455e052c39a5100793b4fc449732e515a6e993e94eda6e449430473c46
xiaomi-sm7475-common.dtsi	c71e20e274d8284d39a3a7d350cc909a0499ca7e81e38185e3152b3f128c20e4
xiaomi-sm8475-common.dtsi	3bc83308efd58d77c2ab08a946dd60e2335b019225792e3e3adad5c77e3aae62
