ARCH_CAPE	enabled	CONFIG_ARCH_CAPE=y
ARCH_DIWALI	enabled	CONFIG_ARCH_DIWALI=y
ARCH_WAIPIO	enabled	CONFIG_ARCH_WAIPIO=y
ARM_QCOM_CPUFREQ_HW_DEBUG	enabled	CONFIG_ARM_QCOM_CPUFREQ_HW_DEBUG=m
ARM_SMMU_CONTEXT_FAULT_RETRY	enabled	CONFIG_ARM_SMMU_CONTEXT_FAULT_RETRY=y
BQ_FG_UPDATE	enabled	CONFIG_BQ_FG_UPDATE=y
BQ_FUEL_GAUGE	enabled	CONFIG_BQ_FUEL_GAUGE=y
BTFM_SLIM	enabled	CONFIG_BTFM_SLIM=m
BUS_AUTO_SUSPEND	enabled	CONFIG_BUS_AUTO_SUSPEND=y
CNSS2	enabled	CONFIG_CNSS2=m
CNSS2_QMI	enabled	CONFIG_CNSS2_QMI=y
CNSS_GENL	enabled	CONFIG_CNSS_GENL=m
CNSS_UTILS	enabled	CONFIG_CNSS_UTILS=m
CORESIGHT_HWEVENT	enabled	CONFIG_CORESIGHT_HWEVENT=m
CORESIGHT_REMOTE_ETM	enabled	CONFIG_CORESIGHT_REMOTE_ETM=m
CORESIGHT_TGU	enabled	CONFIG_CORESIGHT_TGU=m
CPU_IDLE_GOV_QCOM_LPM	enabled	CONFIG_CPU_IDLE_GOV_QCOM_LPM=m
CRYPTO_DEV_QCEDEV	enabled	CONFIG_CRYPTO_DEV_QCEDEV=m
CRYPTO_DEV_QCOM_MSM_QCE	enabled	CONFIG_CRYPTO_DEV_QCOM_MSM_QCE=m
DEVFREQ_GOV_QCOM_ADRENO_TZ	enabled	CONFIG_DEVFREQ_GOV_QCOM_ADRENO_TZ=m
DEVFREQ_GOV_QCOM_GPUBW_MON	enabled	CONFIG_DEVFREQ_GOV_QCOM_GPUBW_MON=m
EDAC_KRYO_ARM64	enabled	CONFIG_EDAC_KRYO_ARM64=m
EDAC_KRYO_ARM64_PANIC_ON_CE	disabled	# CONFIG_EDAC_KRYO_ARM64_PANIC_ON_CE is not set
EDAC_KRYO_ARM64_PANIC_ON_UE	enabled	CONFIG_EDAC_KRYO_ARM64_PANIC_ON_UE=y
EDAC_QCOM_LLCC_PANIC_ON_CE	disabled	# CONFIG_EDAC_QCOM_LLCC_PANIC_ON_CE is not set
EDAC_QCOM_LLCC_PANIC_ON_UE	enabled	CONFIG_EDAC_QCOM_LLCC_PANIC_ON_UE=y
EP_PCIE	enabled	CONFIG_EP_PCIE=m
EXTEND_RECLAIM	enabled	CONFIG_EXTEND_RECLAIM=m
FINGERPRINT_FPC_1540	enabled	CONFIG_FINGERPRINT_FPC_1540=m
FINGERPRINT_GOODIX_3626	enabled	CONFIG_FINGERPRINT_GOODIX_3626=m
FINGERPRINT_XIAOMI_FP	enabled	CONFIG_FINGERPRINT_XIAOMI_FP=m
FTS_TRUSTED_TOUCH	enabled	CONFIG_FTS_TRUSTED_TOUCH=y
GH_ARM64_DRV	enabled	CONFIG_GH_ARM64_DRV=m
GH_CTRL	enabled	CONFIG_GH_CTRL=m
GH_DBL	enabled	CONFIG_GH_DBL=m
GH_IRQ_LEND	enabled	CONFIG_GH_IRQ_LEND=m
GH_MEM_NOTIFIER	enabled	CONFIG_GH_MEM_NOTIFIER=m
GH_MSGQ	enabled	CONFIG_GH_MSGQ=m
GH_RM_DRV	enabled	CONFIG_GH_RM_DRV=m
GH_VIRTIO_BACKEND	enabled	CONFIG_GH_VIRTIO_BACKEND=m
GH_VIRT_WATCHDOG	enabled	CONFIG_GH_VIRT_WATCHDOG=m
GPIO_TESTING_MODE	enabled	CONFIG_GPIO_TESTING_MODE=y
GUNYAH_DRIVERS	enabled	CONFIG_GUNYAH_DRIVERS=y
HAVE_CHARGE_TEMP	enabled	CONFIG_HAVE_CHARGE_TEMP=y
HDCP_QSEECOM	enabled	CONFIG_HDCP_QSEECOM=m
HVC_GUNYAH	enabled	CONFIG_HVC_GUNYAH=m
HVC_GUNYAH_CONSOLE	disabled	# CONFIG_HVC_GUNYAH_CONSOLE is not set
HW_RANDOM_MSM_LEGACY	enabled	CONFIG_HW_RANDOM_MSM_LEGACY=m
I2C_EUSB2_REPEATER	enabled	CONFIG_I2C_EUSB2_REPEATER=m
I2C_MSM_GENI	enabled	CONFIG_I2C_MSM_GENI=m
I2C_RTC6226_QCA	enabled	CONFIG_I2C_RTC6226_QCA=m
I3C_MASTER_MSM_GENI	enabled	CONFIG_I3C_MASTER_MSM_GENI=m
ICNSS2	enabled	CONFIG_ICNSS2=m
ICNSS2_QMI	enabled	CONFIG_ICNSS2_QMI=y
INPUT_FINGERPRINT	enabled	CONFIG_INPUT_FINGERPRINT=y
INPUT_QCOM_HV_HAPTICS	enabled	CONFIG_INPUT_QCOM_HV_HAPTICS=m
INTERCONNECT_QCOM_DEBUG	enabled	CONFIG_INTERCONNECT_QCOM_DEBUG=m
INTERCONNECT_QCOM_DIWALI	enabled	CONFIG_INTERCONNECT_QCOM_DIWALI=m
INTERCONNECT_QCOM_PARROT	enabled	CONFIG_INTERCONNECT_QCOM_PARROT=m
INTERCONNECT_QCOM_WAIPIO	enabled	CONFIG_INTERCONNECT_QCOM_WAIPIO=m
INTERCONNECT_TEST	enabled	CONFIG_INTERCONNECT_TEST=m
IOMMU_IO_PGTABLE_FAST	enabled	CONFIG_IOMMU_IO_PGTABLE_FAST=y
IPA3	enabled	CONFIG_IPA3=m
IPC_LOGGING	enabled	CONFIG_IPC_LOGGING=m
IPC_LOG_MINIDUMP_BUFFERS	enabled	CONFIG_IPC_LOG_MINIDUMP_BUFFERS=16
LEDS_QPNP_VIBRATOR_LDO	enabled	CONFIG_LEDS_QPNP_VIBRATOR_LDO=m
LEDS_QTI_FLASH	enabled	CONFIG_LEDS_QTI_FLASH=m
LEDS_QTI_TRI_LED	enabled	CONFIG_LEDS_QTI_TRI_LED=m
MEM_SHARE_QMI_SERVICE	enabled	CONFIG_MEM_SHARE_QMI_SERVICE=m
MFD_I2C_PMIC	enabled	CONFIG_MFD_I2C_PMIC=m
MHI_BUS_MISC	enabled	CONFIG_MHI_BUS_MISC=y
MHI_DTR	enabled	CONFIG_MHI_DTR=m
MHI_NETDEV	enabled	CONFIG_MHI_NETDEV=m
MHI_QCOM	enabled	CONFIG_MHI_QCOM=m
MHI_UCI	enabled	CONFIG_MHI_UCI=m
MI_CNSS_STATISTIC	enabled	CONFIG_MI_CNSS_STATISTIC=m
MI_HARDWARE_ID	enabled	CONFIG_MI_HARDWARE_ID=m
MI_WIRELESS	disabled	# CONFIG_MI_WIRELESS is not set
MMC_CRYPTO_QTI	enabled	CONFIG_MMC_CRYPTO_QTI=m
MSM_ADSPRPC	enabled	CONFIG_MSM_ADSPRPC=m
MSM_BOOT_STATS	enabled	CONFIG_MSM_BOOT_STATS=m
MSM_BT_POWER	enabled	CONFIG_MSM_BT_POWER=m
MSM_CAMCC_WAIPIO	enabled	CONFIG_MSM_CAMCC_WAIPIO=m
MSM_CDSP_LOADER	enabled	CONFIG_MSM_CDSP_LOADER=m
MSM_CORE_HANG_DETECT	enabled	CONFIG_MSM_CORE_HANG_DETECT=m
MSM_DEBUGCC_WAIPIO	enabled	CONFIG_MSM_DEBUGCC_WAIPIO=m
MSM_DISPCC_WAIPIO	enabled	CONFIG_MSM_DISPCC_WAIPIO=m
MSM_EXT_DISPLAY	enabled	CONFIG_MSM_EXT_DISPLAY=m
MSM_GCC_WAIPIO	enabled	CONFIG_MSM_GCC_WAIPIO=m
MSM_GENI_SE	enabled	CONFIG_MSM_GENI_SE=m
MSM_GLOBAL_SYNX	enabled	CONFIG_MSM_GLOBAL_SYNX=m
MSM_GPI_DMA	enabled	CONFIG_MSM_GPI_DMA=m
MSM_GPI_DMA_DEBUG	disabled	# CONFIG_MSM_GPI_DMA_DEBUG is not set
MSM_GPUCC_WAIPIO	enabled	CONFIG_MSM_GPUCC_WAIPIO=m
MSM_HSUSB_PHY	enabled	CONFIG_MSM_HSUSB_PHY=m
MSM_MHI_DEV	enabled	CONFIG_MSM_MHI_DEV=m
MSM_MHI_NET_DEV	enabled	CONFIG_MSM_MHI_NET_DEV=m
MSM_PERFORMANCE	enabled	CONFIG_MSM_PERFORMANCE=m
MSM_QBT_HANDLER	enabled	CONFIG_MSM_QBT_HANDLER=m
MSM_QMP	enabled	CONFIG_MSM_QMP=m
MSM_RDBG	enabled	CONFIG_MSM_RDBG=m
MSM_SYSSTATS	enabled	CONFIG_MSM_SYSSTATS=m
MSM_TMECOM_QMP	enabled	CONFIG_MSM_TMECOM_QMP=m
MSM_VIDEOCC_WAIPIO	enabled	CONFIG_MSM_VIDEOCC_WAIPIO=m
NEURON_CH_GUNYAH	disabled	# CONFIG_NEURON_CH_GUNYAH is not set
NFC_QTI_I2C	enabled	CONFIG_NFC_QTI_I2C=m
NOVATEK_TRUSTED_TOUCH	enabled	CONFIG_NOVATEK_TRUSTED_TOUCH=y
PCI_MSM	enabled	CONFIG_PCI_MSM=m
PDR_INDICATION_NOTIF_TIMEOUT	enabled	CONFIG_PDR_INDICATION_NOTIF_TIMEOUT=9000
PHY_QCOM_UFS	enabled	CONFIG_PHY_QCOM_UFS=m
PHY_QCOM_UFS_V4	enabled	CONFIG_PHY_QCOM_UFS_V4=m
PINCTRL_CAPE	enabled	CONFIG_PINCTRL_CAPE=m
PINCTRL_DIWALI	enabled	CONFIG_PINCTRL_DIWALI=m
PINCTRL_WAIPIO	enabled	CONFIG_PINCTRL_WAIPIO=m
POWER_RESET_QCOM_DOWNLOAD_MODE	enabled	CONFIG_POWER_RESET_QCOM_DOWNLOAD_MODE=m
POWER_RESET_QCOM_DOWNLOAD_MODE_DEFAULT	enabled	CONFIG_POWER_RESET_QCOM_DOWNLOAD_MODE_DEFAULT=y
POWER_RESET_QCOM_REBOOT_REASON	enabled	CONFIG_POWER_RESET_QCOM_REBOOT_REASON=m
PRISM2_USB	disabled	# CONFIG_PRISM2_USB is not set
PWM_QTI_LPG	enabled	CONFIG_PWM_QTI_LPG=m
QCOM_ADSP_SLEEPMON	enabled	CONFIG_QCOM_ADSP_SLEEPMON=m
QCOM_BALANCE_ANON_FILE_RECLAIM	enabled	CONFIG_QCOM_BALANCE_ANON_FILE_RECLAIM=y
QCOM_BWMON	enabled	CONFIG_QCOM_BWMON=m
QCOM_CDSP_RM	enabled	CONFIG_QCOM_CDSP_RM=m
QCOM_CPUSS_SLEEP_STATS	enabled	CONFIG_QCOM_CPUSS_SLEEP_STATS=m
QCOM_CPU_VENDOR_HOOKS	enabled	CONFIG_QCOM_CPU_VENDOR_HOOKS=m
QCOM_DCC_V2	enabled	CONFIG_QCOM_DCC_V2=m
QCOM_DCVS	enabled	CONFIG_QCOM_DCVS=m
QCOM_DCVS_FP	enabled	CONFIG_QCOM_DCVS_FP=m
QCOM_DMABUF_HEAPS	enabled	CONFIG_QCOM_DMABUF_HEAPS=m
QCOM_DMABUF_HEAPS_BITSTREAM_CONTIG	enabled	CONFIG_QCOM_DMABUF_HEAPS_BITSTREAM_CONTIG=y
QCOM_DMABUF_HEAPS_CARVEOUT	enabled	CONFIG_QCOM_DMABUF_HEAPS_CARVEOUT=y
QCOM_DMABUF_HEAPS_CMA	enabled	CONFIG_QCOM_DMABUF_HEAPS_CMA=y
QCOM_DMABUF_HEAPS_PAGE_POOL_REFILL	enabled	CONFIG_QCOM_DMABUF_HEAPS_PAGE_POOL_REFILL=y
QCOM_DMABUF_HEAPS_SYSTEM	enabled	CONFIG_QCOM_DMABUF_HEAPS_SYSTEM=y
QCOM_DMABUF_HEAPS_SYSTEM_SECURE	enabled	CONFIG_QCOM_DMABUF_HEAPS_SYSTEM_SECURE=y
QCOM_DYN_MINIDUMP_STACK	enabled	CONFIG_QCOM_DYN_MINIDUMP_STACK=y
QCOM_ESOC	enabled	CONFIG_QCOM_ESOC=m
QCOM_ESOC_CLIENT	enabled	CONFIG_QCOM_ESOC_CLIENT=m
QCOM_ESOC_DEBUG	enabled	CONFIG_QCOM_ESOC_DEBUG=m
QCOM_ESOC_DEV	enabled	CONFIG_QCOM_ESOC_DEV=m
QCOM_ESOC_MDM_4X	enabled	CONFIG_QCOM_ESOC_MDM_4X=m
QCOM_ESOC_MDM_DRV	enabled	CONFIG_QCOM_ESOC_MDM_DRV=m
QCOM_EUD	enabled	CONFIG_QCOM_EUD=m
QCOM_FORCE_WDOG_BITE_ON_PANIC	enabled	CONFIG_QCOM_FORCE_WDOG_BITE_ON_PANIC=y
QCOM_FSA4480_I2C	enabled	CONFIG_QCOM_FSA4480_I2C=m
QCOM_GDSC_REGULATOR	enabled	CONFIG_QCOM_GDSC_REGULATOR=m
QCOM_GIC_INTERRUPT_ROUTING	enabled	CONFIG_QCOM_GIC_INTERRUPT_ROUTING=m
QCOM_GLINK	enabled	CONFIG_QCOM_GLINK=m
QCOM_GLINK_PKT	enabled	CONFIG_QCOM_GLINK_PKT=m
QCOM_GUESTVM	enabled	CONFIG_QCOM_GUESTVM=m
QCOM_HUNG_TASK_ENH	enabled	CONFIG_QCOM_HUNG_TASK_ENH=m
QCOM_HYP_CORE_CTL	enabled	CONFIG_QCOM_HYP_CORE_CTL=m
QCOM_IOMMU_DEBUG	enabled	CONFIG_QCOM_IOMMU_DEBUG=m
QCOM_IOMMU_UTIL	enabled	CONFIG_QCOM_IOMMU_UTIL=m
QCOM_IRQ_STAT	enabled	CONFIG_QCOM_IRQ_STAT=y
QCOM_KGSL	enabled	CONFIG_QCOM_KGSL=m
QCOM_KGSL_CONTEXT_DEBUG	enabled	CONFIG_QCOM_KGSL_CONTEXT_DEBUG=y
QCOM_KGSL_IOCOHERENCY_DEFAULT	enabled	CONFIG_QCOM_KGSL_IOCOHERENCY_DEFAULT=y
QCOM_LAZY_MAPPING	enabled	CONFIG_QCOM_LAZY_MAPPING=m
QCOM_LLCC_PERFMON	enabled	CONFIG_QCOM_LLCC_PERFMON=m
QCOM_LLCC_PMU	enabled	CONFIG_QCOM_LLCC_PMU=m
QCOM_LOGBUF_VENDOR_HOOKS	enabled	CONFIG_QCOM_LOGBUF_VENDOR_HOOKS=m
QCOM_MEMLAT	enabled	CONFIG_QCOM_MEMLAT=m
QCOM_MEMORY_DUMP_V2	enabled	CONFIG_QCOM_MEMORY_DUMP_V2=m
QCOM_MEM_BUF	enabled	CONFIG_QCOM_MEM_BUF=m
QCOM_MEM_HOOKS	enabled	CONFIG_QCOM_MEM_HOOKS=m
QCOM_MEM_OFFLINE	disabled	# CONFIG_QCOM_MEM_OFFLINE is not set
QCOM_MICRODUMP	enabled	CONFIG_QCOM_MICRODUMP=m
QCOM_MINIDUMP	enabled	CONFIG_QCOM_MINIDUMP=m
QCOM_MINIDUMP_FTRACE	enabled	CONFIG_QCOM_MINIDUMP_FTRACE=y
QCOM_MINIDUMP_PANIC_CPU_CONTEXT	enabled	CONFIG_QCOM_MINIDUMP_PANIC_CPU_CONTEXT=y
QCOM_MINIDUMP_PANIC_DUMP	enabled	CONFIG_QCOM_MINIDUMP_PANIC_DUMP=y
QCOM_MINIDUMP_PSTORE	enabled	CONFIG_QCOM_MINIDUMP_PSTORE=y
QCOM_MSM_IPCC	enabled	CONFIG_QCOM_MSM_IPCC=m
QCOM_PANEL_EVENT_NOTIFIER	enabled	CONFIG_QCOM_PANEL_EVENT_NOTIFIER=m
QCOM_PANIC_ON_NOTIF_TIMEOUT	disabled	# CONFIG_QCOM_PANIC_ON_NOTIF_TIMEOUT is not set
QCOM_PANIC_ON_PDR_NOTIF_TIMEOUT	disabled	# CONFIG_QCOM_PANIC_ON_PDR_NOTIF_TIMEOUT is not set
QCOM_PCI_EDMA	enabled	CONFIG_QCOM_PCI_EDMA=m
QCOM_PCI_EDMA_DEBUG	disabled	# CONFIG_QCOM_PCI_EDMA_DEBUG is not set
QCOM_PMU_LIB	enabled	CONFIG_QCOM_PMU_LIB=m
QCOM_QDSS_BRIDGE	enabled	CONFIG_QCOM_QDSS_BRIDGE=m
QCOM_QFPROM	enabled	CONFIG_QCOM_QFPROM=m
QCOM_QFPROM_SYS	enabled	CONFIG_QCOM_QFPROM_SYS=m
QCOM_RAMDUMP	enabled	CONFIG_QCOM_RAMDUMP=m
QCOM_RIMPS	enabled	CONFIG_QCOM_RIMPS=m
QCOM_RUN_QUEUE_STATS	enabled	CONFIG_QCOM_RUN_QUEUE_STATS=m
QCOM_SECURE_BUFFER	enabled	CONFIG_QCOM_SECURE_BUFFER=m
QCOM_SHOW_RESUME_IRQ	enabled	CONFIG_QCOM_SHOW_RESUME_IRQ=m
QCOM_SMCINVOKE	enabled	CONFIG_QCOM_SMCINVOKE=m
QCOM_SMP2P_SLEEPSTATE	enabled	CONFIG_QCOM_SMP2P_SLEEPSTATE=m
QCOM_SOC_SLEEP_STATS	enabled	CONFIG_QCOM_SOC_SLEEP_STATS=m
QCOM_SOC_WATCHDOG	enabled	CONFIG_QCOM_SOC_WATCHDOG=m
QCOM_SPSS	disabled	# CONFIG_QCOM_SPSS is not set
QCOM_SUBSYSTEM_SLEEP_STATS	enabled	CONFIG_QCOM_SUBSYSTEM_SLEEP_STATS=m
QCOM_SYSMON_SUBSYSTEM_STATS	enabled	CONFIG_QCOM_SYSMON_SUBSYSTEM_STATS=m
QCOM_WATCHDOG_BARK_TIME	enabled	CONFIG_QCOM_WATCHDOG_BARK_TIME=20000
QCOM_WATCHDOG_IPI_PING	enabled	CONFIG_QCOM_WATCHDOG_IPI_PING=y
QCOM_WATCHDOG_PET_TIME	enabled	CONFIG_QCOM_WATCHDOG_PET_TIME=15000
QCOM_WATCHDOG_USERSPACE_PET	disabled	# CONFIG_QCOM_WATCHDOG_USERSPACE_PET is not set
QCOM_WATCHDOG_WAKEUP_ENABLE	enabled	CONFIG_QCOM_WATCHDOG_WAKEUP_ENABLE=y
QCOM_WDOG_BITE_EARLY_PANIC	disabled	# CONFIG_QCOM_WDOG_BITE_EARLY_PANIC is not set
QCOM_WDT_CORE	enabled	CONFIG_QCOM_WDT_CORE=m
QPNP_PBS	enabled	CONFIG_QPNP_PBS=m
QRTR_GUNYAH	enabled	CONFIG_QRTR_GUNYAH=m
QSEECOM	enabled	CONFIG_QSEECOM=m
QSEE_IPC_IRQ_BRIDGE	enabled	CONFIG_QSEE_IPC_IRQ_BRIDGE=m
QTI_ADC_TM	enabled	CONFIG_QTI_ADC_TM=m
QTI_ALTMODE_GLINK	enabled	CONFIG_QTI_ALTMODE_GLINK=m
QTI_BATTERY_CHARGER	enabled	CONFIG_QTI_BATTERY_CHARGER=m
QTI_BATTERY_GLINK_DEBUG	enabled	CONFIG_QTI_BATTERY_GLINK_DEBUG=m
QTI_BCL_PMIC5	enabled	CONFIG_QTI_BCL_PMIC5=m
QTI_BCL_SOC_DRIVER	enabled	CONFIG_QTI_BCL_SOC_DRIVER=m
QTI_C1DCVS_SCMI_CLIENT	enabled	CONFIG_QTI_C1DCVS_SCMI_CLIENT=m
QTI_CHARGER_ULOG_GLINK	enabled	CONFIG_QTI_CHARGER_ULOG_GLINK=m
QTI_CPUFREQ_CDEV	enabled	CONFIG_QTI_CPUFREQ_CDEV=m
QTI_CPU_HOTPLUG_COOLING_DEVICE	enabled	CONFIG_QTI_CPU_HOTPLUG_COOLING_DEVICE=m
QTI_CPU_PAUSE_COOLING_DEVICE	enabled	CONFIG_QTI_CPU_PAUSE_COOLING_DEVICE=m
QTI_CPU_VOLTAGE_COOLING_DEVICE	enabled	CONFIG_QTI_CPU_VOLTAGE_COOLING_DEVICE=m
QTI_CRYPTO_COMMON	enabled	CONFIG_QTI_CRYPTO_COMMON=m
QTI_DDR_COOLING_DEVICE	enabled	CONFIG_QTI_DDR_COOLING_DEVICE=m
QTI_DEVFREQ_CDEV	enabled	CONFIG_QTI_DEVFREQ_CDEV=m
QTI_GPLAF_SCMI_CLIENT	enabled	CONFIG_QTI_GPLAF_SCMI_CLIENT=m
QTI_HW_KEY_MANAGER	enabled	CONFIG_QTI_HW_KEY_MANAGER=m
QTI_HW_MEMLAT_LOG	enabled	CONFIG_QTI_HW_MEMLAT_LOG=m
QTI_IOMMU_SUPPORT	enabled	CONFIG_QTI_IOMMU_SUPPORT=m
QTI_PLH_SCMI_CLIENT	enabled	CONFIG_QTI_PLH_SCMI_CLIENT=m
QTI_PMIC_GLINK	enabled	CONFIG_QTI_PMIC_GLINK=m
QTI_PMIC_PON_LOG	enabled	CONFIG_QTI_PMIC_PON_LOG=m
QTI_PMU_SCMI_CLIENT	enabled	CONFIG_QTI_PMU_SCMI_CLIENT=m
QTI_POLICY_ENGINE_SENSOR	enabled	CONFIG_QTI_POLICY_ENGINE_SENSOR=m
QTI_QMI_COOLING_DEVICE	enabled	CONFIG_QTI_QMI_COOLING_DEVICE=m
QTI_QMI_SENSOR_V2	enabled	CONFIG_QTI_QMI_SENSOR_V2=m
QTI_SCMI_C1DCVS_PROTOCOL	enabled	CONFIG_QTI_SCMI_C1DCVS_PROTOCOL=m
QTI_SCMI_GPLAF_PROTOCOL	enabled	CONFIG_QTI_SCMI_GPLAF_PROTOCOL=m
QTI_SCMI_PLH_PROTOCOL	enabled	CONFIG_QTI_SCMI_PLH_PROTOCOL=m
QTI_SCMI_PMU_PROTOCOL	enabled	CONFIG_QTI_SCMI_PMU_PROTOCOL=m
QTI_SCMI_SHARED_RAIL_PROTOCOL	enabled	CONFIG_QTI_SCMI_SHARED_RAIL_PROTOCOL=m
QTI_SDPM_CLOCK_MONITOR	enabled	CONFIG_QTI_SDPM_CLOCK_MONITOR=m
QTI_SHARED_RAIL_CLIENT	enabled	CONFIG_QTI_SHARED_RAIL_CLIENT=m
QTI_SYS_PM_VX	enabled	CONFIG_QTI_SYS_PM_VX=m
QTI_THERMAL_LIMITS_DCVS	enabled	CONFIG_QTI_THERMAL_LIMITS_DCVS=m
QTI_TZ_LOG	enabled	CONFIG_QTI_TZ_LOG=m
QTI_USERSPACE_CDEV	enabled	CONFIG_QTI_USERSPACE_CDEV=m
R8188EU	disabled	# CONFIG_R8188EU is not set
R8712U	disabled	# CONFIG_R8712U is not set
REGMAP_QTI_DEBUGFS	enabled	CONFIG_REGMAP_QTI_DEBUGFS=m
REGMAP_QTI_DEBUGFS_ALLOW_WRITE	enabled	CONFIG_REGMAP_QTI_DEBUGFS_ALLOW_WRITE=y
REGULATOR_DEBUG_CONTROL	enabled	CONFIG_REGULATOR_DEBUG_CONTROL=m
REGULATOR_PROXY_CONSUMER	enabled	CONFIG_REGULATOR_PROXY_CONSUMER=m
REGULATOR_QPNP_AMOLED	enabled	CONFIG_REGULATOR_QPNP_AMOLED=m
REGULATOR_QTI_FIXED_VOLTAGE	enabled	CONFIG_REGULATOR_QTI_FIXED_VOLTAGE=m
REGULATOR_RPMH	enabled	CONFIG_REGULATOR_RPMH=m
REGULATOR_STUB	enabled	CONFIG_REGULATOR_STUB=m
RPMSG_QCOM_GLINK_SPSS	disabled	# CONFIG_RPMSG_QCOM_GLINK_SPSS is not set
RPROC_SSR_NOTIF_TIMEOUT	enabled	CONFIG_RPROC_SSR_NOTIF_TIMEOUT=20000
RPROC_SYSMON_NOTIF_TIMEOUT	enabled	CONFIG_RPROC_SYSMON_NOTIF_TIMEOUT=20000
SCHED_WALT	enabled	CONFIG_SCHED_WALT=m
SCSI_UFS_CRYPTO_QTI	enabled	CONFIG_SCSI_UFS_CRYPTO_QTI=m
SENSORS_QTI_AMOLED_ECM	enabled	CONFIG_SENSORS_QTI_AMOLED_ECM=m
SENSORS_SSC	enabled	CONFIG_SENSORS_SSC=m
SERIAL_MSM_GENI	enabled	CONFIG_SERIAL_MSM_GENI=m
SERIAL_MSM_GENI_CONSOLE	enabled	CONFIG_SERIAL_MSM_GENI_CONSOLE=m
SERIAL_MSM_GENI_CONSOLE_DEFAULT_ENABLED	enabled	CONFIG_SERIAL_MSM_GENI_CONSOLE_DEFAULT_ENABLED=y
SERIAL_MSM_GENI_HALF_SAMPLING	enabled	CONFIG_SERIAL_MSM_GENI_HALF_SAMPLING=y
SHOW_SUSPEND_EPOCH	enabled	CONFIG_SHOW_SUSPEND_EPOCH=m
SLIM_QCOM_CTRL	disabled	# CONFIG_SLIM_QCOM_CTRL is not set
SM_CAMCC_DIWALI	enabled	CONFIG_SM_CAMCC_DIWALI=m
SM_DEBUGCC_DIWALI	enabled	CONFIG_SM_DEBUGCC_DIWALI=m
SM_DISPCC_DIWALI	enabled	CONFIG_SM_DISPCC_DIWALI=m
SM_GCC_DIWALI	enabled	CONFIG_SM_GCC_DIWALI=m
SM_GPUCC_DIWALI	enabled	CONFIG_SM_GPUCC_DIWALI=m
SM_VIDEOCC_DIWALI	enabled	CONFIG_SM_VIDEOCC_DIWALI=m
SPI_MSM_GENI	enabled	CONFIG_SPI_MSM_GENI=m
SPMI_MSM_PMIC_ARB_DEBUG	enabled	CONFIG_SPMI_MSM_PMIC_ARB_DEBUG=m
SPMI_QTI_GLINK_DEBUG	enabled	CONFIG_SPMI_QTI_GLINK_DEBUG=m
SPS	enabled	CONFIG_SPS=m
SPS_SUPPORT_NDP_BAM	enabled	CONFIG_SPS_SUPPORT_NDP_BAM=y
STM_PROTO_OST	enabled	CONFIG_STM_PROTO_OST=m
SWIOTLB_NONLINEAR	disabled	# CONFIG_SWIOTLB_NONLINEAR is not set
TOUCHSCREEN_FTS	enabled	CONFIG_TOUCHSCREEN_FTS=m
TOUCHSCREEN_FTS_DIRECTORY	enabled	CONFIG_TOUCHSCREEN_FTS_DIRECTORY="focaltech_touch"
TOUCHSCREEN_GOODIX_BRL	enabled	CONFIG_TOUCHSCREEN_GOODIX_BRL=m
TOUCHSCREEN_NT36XXX_I2C	enabled	CONFIG_TOUCHSCREEN_NT36XXX_I2C=m
TOUCHSCREEN_NT36XXX_SPI	enabled	CONFIG_TOUCHSCREEN_NT36XXX_SPI=m
TOUCHSCREEN_SYNAPTICS_DSX	enabled	CONFIG_TOUCHSCREEN_SYNAPTICS_DSX=m
UCSI_QTI_GLINK	enabled	CONFIG_UCSI_QTI_GLINK=m
UIO_MSM_SHAREDMEM	enabled	CONFIG_UIO_MSM_SHAREDMEM=m
USB_BAM	enabled	CONFIG_USB_BAM=m
USB_CONFIGFS_F_CCID	enabled	CONFIG_USB_CONFIGFS_F_CCID=m
USB_CONFIGFS_F_CDEV	enabled	CONFIG_USB_CONFIGFS_F_CDEV=m
USB_CONFIGFS_F_DIAG	enabled	CONFIG_USB_CONFIGFS_F_DIAG=m
USB_CONFIGFS_F_GSI	enabled	CONFIG_USB_CONFIGFS_F_GSI=m
USB_CONFIGFS_F_QDSS	enabled	CONFIG_USB_CONFIGFS_F_QDSS=m
USB_DWC3_MSM	enabled	CONFIG_USB_DWC3_MSM=m
USB_F_FS_IPC_LOGGING	enabled	CONFIG_USB_F_FS_IPC_LOGGING=m
USB_MSM_EUSB2_PHY	enabled	CONFIG_USB_MSM_EUSB2_PHY=m
USB_MSM_SSPHY_QMP	enabled	CONFIG_USB_MSM_SSPHY_QMP=m
USB_NET_RNDIS_WLAN	disabled	# CONFIG_USB_NET_RNDIS_WLAN is not set
USB_QCOM_EMU_PHY	enabled	CONFIG_USB_QCOM_EMU_PHY=m
USB_REDRIVER_NB7VPQ904M	enabled	CONFIG_USB_REDRIVER_NB7VPQ904M=m
USB_REPEATER	enabled	CONFIG_USB_REPEATER=m
VT6655	disabled	# CONFIG_VT6655 is not set
VT6656	disabled	# CONFIG_VT6656 is not set
WCNSS_MEM_PRE_ALLOC	enabled	CONFIG_WCNSS_MEM_PRE_ALLOC=m
XLOGCHAR	enabled	CONFIG_XLOGCHAR=m
