symbol	reference_value	candidate_value	status
CONFIG_ARCH_CAPE	y	n	missing
CONFIG_ARCH_DIWALI	y	n	missing
CONFIG_ARCH_WAIPIO	y	n	missing
CONFIG_ARM_QCOM_CPUFREQ_HW	m	n	missing
CONFIG_ARM_QCOM_CPUFREQ_HW_DEBUG	m	n	missing
CONFIG_ARM_SMMU	m	n	missing
CONFIG_ARM_SMMU_CONTEXT_FAULT_RETRY	y	n	missing
CONFIG_ARM_SMMU_DISABLE_BYPASS_BY_DEFAULT	y	n	missing
CONFIG_BQ_FG_UPDATE	y	n	missing
CONFIG_BTFM_SLIM	m	n	missing
CONFIG_BUS_AUTO_SUSPEND	y	n	missing
CONFIG_CFG80211	m	n	missing
CONFIG_CFG80211_CRDA_SUPPORT	y	n	missing
CONFIG_CFG80211_DEFAULT_PS	y	n	missing
CONFIG_CFG80211_REQUIRE_SIGNED_REGDB	y	n	missing
CONFIG_CFG80211_USE_KERNEL_REGDB_KEYS	y	n	missing
CONFIG_CHR_DEV_SG	m	n	missing
CONFIG_CNSS2	m	n	missing
CONFIG_CNSS2_QMI	y	n	missing
CONFIG_CNSS_GENL	m	n	missing
CONFIG_CNSS_UTILS	m	n	missing
CONFIG_COMMON_CLK_QCOM	m	n	missing
CONFIG_CORESIGHT	m	n	missing
CONFIG_CORESIGHT_CTI	m	n	missing
CONFIG_CORESIGHT_DUMMY	m	n	missing
CONFIG_CORESIGHT_HWEVENT	m	n	missing
CONFIG_CORESIGHT_LINKS_AND_SINKS	m	n	missing
CONFIG_CORESIGHT_LINK_AND_SINK_TMC	m	n	missing
CONFIG_CORESIGHT_REMOTE_ETM	m	n	missing
CONFIG_CORESIGHT_STM	m	n	missing
CONFIG_CORESIGHT_TGU	m	n	missing
CONFIG_CORESIGHT_TPDA	m	n	missing
CONFIG_CORESIGHT_TPDM	m	n	missing
CONFIG_CPU_IDLE_GOV_QCOM_LPM	m	n	missing
CONFIG_CRYPTO_DEV_QCEDEV	m	n	missing
CONFIG_CRYPTO_DEV_QCOM_MSM_QCE	m	n	missing
CONFIG_DEVFREQ_GOV_QCOM_ADRENO_TZ	m	n	missing
CONFIG_DEVFREQ_GOV_QCOM_GPUBW_MON	m	n	missing
CONFIG_DRM_LONTIUM_LT9611UXC	m	n	missing
CONFIG_EDAC_KRYO_ARM64	m	n	missing
CONFIG_EDAC_KRYO_ARM64_PANIC_ON_UE	y	n	missing
CONFIG_EDAC_QCOM	m	n	missing
CONFIG_EDAC_QCOM_LLCC_PANIC_ON_UE	y	n	missing
CONFIG_EP_PCIE	m	n	missing
CONFIG_FTS_TRUSTED_TOUCH	y	n	missing
CONFIG_GH_ARM64_DRV	m	n	missing
CONFIG_GH_CTRL	m	n	missing
CONFIG_GH_DBL	m	n	missing
CONFIG_GH_IRQ_LEND	m	n	missing
CONFIG_GH_MEM_NOTIFIER	m	n	missing
CONFIG_GH_MSGQ	m	n	missing
CONFIG_GH_RM_DRV	m	n	missing
CONFIG_GH_VIRTIO_BACKEND	m	n	missing
CONFIG_GH_VIRT_WATCHDOG	m	n	missing
CONFIG_GUNYAH_DRIVERS	y	n	missing
CONFIG_HAVE_CHARGE_TEMP	y	n	missing
CONFIG_HDCP_QSEECOM	m	n	missing
CONFIG_HVC_GUNYAH	m	n	missing
CONFIG_HWMON	m	n	missing
CONFIG_HWSPINLOCK_QCOM	m	n	missing
CONFIG_HW_RANDOM_MSM_LEGACY	m	n	missing
CONFIG_I2C_EUSB2_REPEATER	m	n	missing
CONFIG_I2C_MSM_GENI	m	n	missing
CONFIG_I2C_RTC6226_QCA	m	n	missing
CONFIG_I3C_MASTER_MSM_GENI	m	n	missing
CONFIG_ICNSS2	m	n	missing
CONFIG_ICNSS2_QMI	y	n	missing
CONFIG_INPUT_PM8941_PWRKEY	m	n	missing
CONFIG_INPUT_QCOM_HV_HAPTICS	m	n	missing
CONFIG_INTERCONNECT_QCOM	m	y	enabled
CONFIG_INTERCONNECT_QCOM_DEBUG	m	n	missing
CONFIG_INTERCONNECT_QCOM_DIWALI	m	n	missing
CONFIG_INTERCONNECT_QCOM_PARROT	m	n	missing
CONFIG_INTERCONNECT_QCOM_WAIPIO	m	n	missing
CONFIG_INTERCONNECT_TEST	m	n	missing
CONFIG_IOMMU_IO_PGTABLE_FAST	y	n	missing
CONFIG_IPA3	m	n	missing
CONFIG_IPC_LOGGING	m	n	missing
CONFIG_LEDS_QPNP_VIBRATOR_LDO	m	n	missing
CONFIG_LEDS_QTI_FLASH	m	n	missing
CONFIG_LEDS_QTI_TRI_LED	m	n	missing
CONFIG_MAC80211	m	n	missing
CONFIG_MAC80211_HAS_RC	y	n	missing
CONFIG_MAC80211_RC_DEFAULT_MINSTREL	y	n	missing
CONFIG_MAC80211_RC_MINSTREL	y	n	missing
CONFIG_MEM_SHARE_QMI_SERVICE	m	n	missing
CONFIG_MFD_I2C_PMIC	m	n	missing
CONFIG_MFD_SPMI_PMIC	m	n	missing
CONFIG_MHI_BUS	m	n	missing
CONFIG_MHI_BUS_MISC	y	n	missing
CONFIG_MHI_DTR	m	n	missing
CONFIG_MHI_NETDEV	m	n	missing
CONFIG_MHI_QCOM	m	n	missing
CONFIG_MHI_UCI	m	n	missing
CONFIG_MMC_CRYPTO_QTI	m	n	missing
CONFIG_MMC_SDHCI_MSM	m	n	missing
CONFIG_MSM_ADSPRPC	m	n	missing
CONFIG_MSM_BOOT_STATS	m	n	missing
CONFIG_MSM_BT_POWER	m	n	missing
CONFIG_MSM_CAMCC_WAIPIO	m	n	missing
CONFIG_MSM_CDSP_LOADER	m	n	missing
CONFIG_MSM_CORE_HANG_DETECT	m	n	missing
CONFIG_MSM_DEBUGCC_WAIPIO	m	n	missing
CONFIG_MSM_DISPCC_WAIPIO	m	n	missing
CONFIG_MSM_EXT_DISPLAY	m	n	missing
CONFIG_MSM_GCC_WAIPIO	m	n	missing
CONFIG_MSM_GENI_SE	m	n	missing
CONFIG_MSM_GLOBAL_SYNX	m	n	missing
CONFIG_MSM_GPI_DMA	m	n	missing
CONFIG_MSM_GPUCC_WAIPIO	m	n	missing
CONFIG_MSM_HSUSB_PHY	m	n	missing
CONFIG_MSM_MHI_DEV	m	n	missing
CONFIG_MSM_MHI_NET_DEV	m	n	missing
CONFIG_MSM_PERFORMANCE	m	n	missing
CONFIG_MSM_QBT_HANDLER	m	n	missing
CONFIG_MSM_QMP	m	n	missing
CONFIG_MSM_RDBG	m	n	missing
CONFIG_MSM_SPCOM	m	n	missing
CONFIG_MSM_SPSS_UTILS	m	n	missing
CONFIG_MSM_SYSSTATS	m	n	missing
CONFIG_MSM_TMECOM_QMP	m	n	missing
CONFIG_MSM_VIDEOCC_WAIPIO	m	n	missing
CONFIG_NFC_QTI_I2C	m	n	missing
CONFIG_NL80211_TESTMODE	y	n	missing
CONFIG_NOP_USB_XCEIV	m	n	missing
CONFIG_NOVATEK_TRUSTED_TOUCH	y	n	missing
CONFIG_NVMEM_SPMI_SDAM	m	n	missing
CONFIG_PCI_MSM	m	n	missing
CONFIG_PHY_QCOM_UFS	m	n	missing
CONFIG_PHY_QCOM_UFS_V4	m	n	missing
CONFIG_PINCTRL_CAPE	m	n	missing
CONFIG_PINCTRL_DIWALI	m	n	missing
CONFIG_PINCTRL_QCOM_SPMI_PMIC	m	n	missing
CONFIG_PINCTRL_WAIPIO	m	n	missing
CONFIG_POWER_RESET_QCOM_DOWNLOAD_MODE	m	n	missing
CONFIG_POWER_RESET_QCOM_DOWNLOAD_MODE_DEFAULT	y	n	missing
CONFIG_POWER_RESET_QCOM_PON	m	n	missing
CONFIG_POWER_RESET_QCOM_REBOOT_REASON	m	n	missing
CONFIG_PWM_QTI_LPG	m	n	missing
CONFIG_QCOM_ADSP_SLEEPMON	m	n	missing
CONFIG_QCOM_AOSS_QMP	m	n	missing
CONFIG_QCOM_BALANCE_ANON_FILE_RECLAIM	y	n	missing
CONFIG_QCOM_BAM_DMA	m	n	missing
CONFIG_QCOM_BWMON	m	n	missing
CONFIG_QCOM_CDSP_RM	m	n	missing
CONFIG_QCOM_CLK_RPMH	m	n	missing
CONFIG_QCOM_COMMAND_DB	m	y	enabled
CONFIG_QCOM_CPUSS_SLEEP_STATS	m	n	missing
CONFIG_QCOM_CPU_VENDOR_HOOKS	m	n	missing
CONFIG_QCOM_DCC_V2	m	n	missing
CONFIG_QCOM_DCVS	m	n	missing
CONFIG_QCOM_DCVS_FP	m	n	missing
CONFIG_QCOM_DMABUF_HEAPS	m	n	missing
CONFIG_QCOM_DMABUF_HEAPS_BITSTREAM_CONTIG	y	n	missing
CONFIG_QCOM_DMABUF_HEAPS_CARVEOUT	y	n	missing
CONFIG_QCOM_DMABUF_HEAPS_CMA	y	n	missing
CONFIG_QCOM_DMABUF_HEAPS_PAGE_POOL_REFILL	y	n	missing
CONFIG_QCOM_DMABUF_HEAPS_SYSTEM	y	n	missing
CONFIG_QCOM_DMABUF_HEAPS_SYSTEM_SECURE	y	n	missing
CONFIG_QCOM_ESOC	m	n	missing
CONFIG_QCOM_ESOC_CLIENT	m	n	missing
CONFIG_QCOM_ESOC_DEBUG	m	n	missing
CONFIG_QCOM_ESOC_DEV	m	n	missing
CONFIG_QCOM_ESOC_MDM_4X	m	n	missing
CONFIG_QCOM_ESOC_MDM_DRV	m	n	missing
CONFIG_QCOM_EUD	m	n	missing
CONFIG_QCOM_FORCE_WDOG_BITE_ON_PANIC	y	n	missing
CONFIG_QCOM_FSA4480_I2C	m	n	missing
CONFIG_QCOM_GDSC_REGULATOR	m	n	missing
CONFIG_QCOM_GIC_INTERRUPT_ROUTING	m	n	missing
CONFIG_QCOM_GLINK	m	n	missing
CONFIG_QCOM_GLINK_PKT	m	n	missing
CONFIG_QCOM_GUESTVM	m	n	missing
CONFIG_QCOM_HUNG_TASK_ENH	m	n	missing
CONFIG_QCOM_HYP_CORE_CTL	m	n	missing
CONFIG_QCOM_IOMMU_DEBUG	m	n	missing
CONFIG_QCOM_IOMMU_UTIL	m	n	missing
CONFIG_QCOM_IRQ_STAT	y	n	missing
CONFIG_QCOM_KGSL	m	n	missing
CONFIG_QCOM_KGSL_CONTEXT_DEBUG	y	n	missing
CONFIG_QCOM_KGSL_IOCOHERENCY_DEFAULT	y	n	missing
CONFIG_QCOM_LAZY_MAPPING	m	n	missing
CONFIG_QCOM_LLCC	m	n	missing
CONFIG_QCOM_LLCC_PERFMON	m	n	missing
CONFIG_QCOM_LLCC_PMU	m	n	missing
CONFIG_QCOM_LOGBUF_VENDOR_HOOKS	m	n	missing
CONFIG_QCOM_MEMLAT	m	n	missing
CONFIG_QCOM_MEMORY_DUMP_V2	m	n	missing
CONFIG_QCOM_MEM_BUF	m	n	missing
CONFIG_QCOM_MEM_HOOKS	m	n	missing
CONFIG_QCOM_MICRODUMP	m	n	missing
CONFIG_QCOM_MINIDUMP	m	n	missing
CONFIG_QCOM_MINIDUMP_FTRACE	y	n	missing
CONFIG_QCOM_MINIDUMP_PANIC_DUMP	y	n	missing
CONFIG_QCOM_MINIDUMP_PSTORE	y	n	missing
CONFIG_QCOM_MSM_IPCC	m	n	missing
CONFIG_QCOM_PANEL_EVENT_NOTIFIER	m	n	missing
CONFIG_QCOM_PANIC_ON_NOTIF_TIMEOUT	y	n	missing
CONFIG_QCOM_PANIC_ON_PDR_NOTIF_TIMEOUT	y	n	missing
CONFIG_QCOM_PCI_EDMA	m	n	missing
CONFIG_QCOM_PDC	m	n	missing
CONFIG_QCOM_PDR_HELPERS	m	n	missing
CONFIG_QCOM_PIL_INFO	m	n	missing
CONFIG_QCOM_PMU_LIB	m	n	missing
CONFIG_QCOM_Q6V5_PAS	m	n	missing
CONFIG_QCOM_QDSS_BRIDGE	m	n	missing
CONFIG_QCOM_QFPROM	m	n	missing
CONFIG_QCOM_QFPROM_SYS	m	n	missing
CONFIG_QCOM_RAMDUMP	m	n	missing
CONFIG_QCOM_RIMPS	m	n	missing
CONFIG_QCOM_RPMH	m	y	enabled
CONFIG_QCOM_RUN_QUEUE_STATS	m	n	missing
CONFIG_QCOM_SCM	m	y	enabled
CONFIG_QCOM_SECURE_BUFFER	m	n	missing
CONFIG_QCOM_SHOW_RESUME_IRQ	m	n	missing
CONFIG_QCOM_SMCINVOKE	m	n	missing
CONFIG_QCOM_SMEM	m	n	missing
CONFIG_QCOM_SMP2P	m	n	missing
CONFIG_QCOM_SMP2P_SLEEPSTATE	m	n	missing
CONFIG_QCOM_SOCINFO	m	n	missing
CONFIG_QCOM_SOC_SLEEP_STATS	m	n	missing
CONFIG_QCOM_SOC_WATCHDOG	m	n	missing
CONFIG_QCOM_SPMI_ADC5	m	y	enabled
CONFIG_QCOM_SPMI_TEMP_ALARM	m	n	missing
CONFIG_QCOM_SPSS	m	n	missing
CONFIG_QCOM_SPSS_AC_RESTRICTION	y	n	missing
CONFIG_QCOM_SUBSYSTEM_SLEEP_STATS	m	n	missing
CONFIG_QCOM_SYSMON	m	n	missing
CONFIG_QCOM_SYSMON_SUBSYSTEM_STATS	m	n	missing
CONFIG_QCOM_TSENS	m	n	missing
CONFIG_QCOM_WATCHDOG_IPI_PING	y	n	missing
CONFIG_QCOM_WATCHDOG_WAKEUP_ENABLE	y	n	missing
CONFIG_QCOM_WDT_CORE	m	n	missing
CONFIG_QPNP_PBS	m	n	missing
CONFIG_QRTR	m	n	missing
CONFIG_QRTR_GUNYAH	m	n	missing
CONFIG_QRTR_MHI	m	n	missing
CONFIG_QRTR_SMD	m	n	missing
CONFIG_QSEECOM	m	n	missing
CONFIG_QSEE_IPC_IRQ_BRIDGE	m	n	missing
CONFIG_QTI_ADC_TM	m	n	missing
CONFIG_QTI_ALTMODE_GLINK	m	n	missing
CONFIG_QTI_BATTERY_CHARGER	m	n	missing
CONFIG_QTI_BATTERY_GLINK_DEBUG	m	n	missing
CONFIG_QTI_BCL_PMIC5	m	n	missing
CONFIG_QTI_BCL_SOC_DRIVER	m	n	missing
CONFIG_QTI_C1DCVS_SCMI_CLIENT	m	n	missing
CONFIG_QTI_CHARGER_ULOG_GLINK	m	n	missing
CONFIG_QTI_CPUFREQ_CDEV	m	n	missing
CONFIG_QTI_CPU_HOTPLUG_COOLING_DEVICE	m	n	missing
CONFIG_QTI_CPU_PAUSE_COOLING_DEVICE	m	n	missing
CONFIG_QTI_CPU_VOLTAGE_COOLING_DEVICE	m	n	missing
CONFIG_QTI_CRYPTO_COMMON	m	n	missing
CONFIG_QTI_DDR_COOLING_DEVICE	m	n	missing
CONFIG_QTI_DEVFREQ_CDEV	m	n	missing
CONFIG_QTI_GPLAF_SCMI_CLIENT	m	n	missing
CONFIG_QTI_HW_KEY_MANAGER	m	n	missing
CONFIG_QTI_HW_MEMLAT_LOG	m	n	missing
CONFIG_QTI_IOMMU_SUPPORT	m	n	missing
CONFIG_QTI_PLH_SCMI_CLIENT	m	n	missing
CONFIG_QTI_PMIC_GLINK	m	n	missing
CONFIG_QTI_PMIC_PON_LOG	m	n	missing
CONFIG_QTI_PMU_SCMI_CLIENT	m	n	missing
CONFIG_QTI_POLICY_ENGINE_SENSOR	m	n	missing
CONFIG_QTI_QMI_COOLING_DEVICE	m	n	missing
CONFIG_QTI_QMI_SENSOR_V2	m	n	missing
CONFIG_QTI_SCMI_C1DCVS_PROTOCOL	m	n	missing
CONFIG_QTI_SCMI_GPLAF_PROTOCOL	m	n	missing
CONFIG_QTI_SCMI_PLH_PROTOCOL	m	n	missing
CONFIG_QTI_SCMI_PMU_PROTOCOL	m	n	missing
CONFIG_QTI_SCMI_SHARED_RAIL_PROTOCOL	m	n	missing
CONFIG_QTI_SDPM_CLOCK_MONITOR	m	n	missing
CONFIG_QTI_SHARED_RAIL_CLIENT	m	n	missing
CONFIG_QTI_SYS_PM_VX	m	n	missing
CONFIG_QTI_THERMAL_LIMITS_DCVS	m	n	missing
CONFIG_QTI_TZ_LOG	m	n	missing
CONFIG_QTI_USERSPACE_CDEV	m	n	missing
CONFIG_REGMAP_QTI_DEBUGFS	m	n	missing
CONFIG_REGULATOR_DEBUG_CONTROL	m	n	missing
CONFIG_REGULATOR_PROXY_CONSUMER	m	n	missing
CONFIG_REGULATOR_QCOM_PM8008	m	n	missing
CONFIG_REGULATOR_QPNP_AMOLED	m	n	missing
CONFIG_REGULATOR_QTI_FIXED_VOLTAGE	m	n	missing
CONFIG_REGULATOR_RPMH	m	n	missing
CONFIG_REGULATOR_STUB	m	n	missing
CONFIG_RPMSG_QCOM_GLINK_SMEM	m	n	missing
CONFIG_RPMSG_QCOM_GLINK_SPSS	m	n	missing
CONFIG_RPMSG_QCOM_SMD	m	n	missing
CONFIG_RTC_DRV_PM8XXX	m	n	missing
CONFIG_SCHED_WALT	m	n	missing
CONFIG_SCSI_UFS_CRYPTO_QTI	m	n	missing
CONFIG_SCSI_UFS_QCOM	m	y	enabled
CONFIG_SENSORS_QTI_AMOLED_ECM	m	n	missing
CONFIG_SENSORS_SSC	m	n	missing
CONFIG_SERIAL_MSM_GENI	m	n	missing
CONFIG_SERIAL_MSM_GENI_CONSOLE	m	n	missing
CONFIG_SERIAL_MSM_GENI_HALF_SAMPLING	y	n	missing
CONFIG_SHOW_SUSPEND_EPOCH	m	n	missing
CONFIG_SLIMBUS	m	n	missing
CONFIG_SLIM_QCOM_NGD_CTRL	m	n	missing
CONFIG_SM_CAMCC_DIWALI	m	n	missing
CONFIG_SM_DEBUGCC_DIWALI	m	n	missing
CONFIG_SM_DISPCC_DIWALI	m	n	missing
CONFIG_SM_GCC_DIWALI	m	n	missing
CONFIG_SM_GPUCC_DIWALI	m	n	missing
CONFIG_SM_VIDEOCC_DIWALI	m	n	missing
CONFIG_SND_USB_AUDIO_QMI	m	n	missing
CONFIG_SPI_MSM_GENI	m	n	missing
CONFIG_SPMI_MSM_PMIC_ARB	m	n	missing
CONFIG_SPMI_MSM_PMIC_ARB_DEBUG	m	n	missing
CONFIG_SPMI_QTI_GLINK_DEBUG	m	n	missing
CONFIG_SPS	m	n	missing
CONFIG_SPS_SUPPORT_NDP_BAM	y	n	missing
CONFIG_STM_PROTO_BASIC	m	n	missing
CONFIG_STM_PROTO_OST	m	n	missing
CONFIG_STM_SOURCE_CONSOLE	m	n	missing
CONFIG_STM_SOURCE_FTRACE	m	n	missing
CONFIG_TOUCHSCREEN_ATMEL_MXT	m	n	missing
CONFIG_TOUCHSCREEN_FTS	m	n	missing
CONFIG_TOUCHSCREEN_GOODIX_BRL	m	n	missing
CONFIG_TOUCHSCREEN_NT36XXX_I2C	m	n	missing
CONFIG_TOUCHSCREEN_NT36XXX_SPI	m	n	missing
CONFIG_TOUCHSCREEN_SYNAPTICS_DSX	m	n	missing
CONFIG_UCSI_QTI_GLINK	m	n	missing
CONFIG_UIO_MSM_SHAREDMEM	m	n	missing
CONFIG_USB_BAM	m	n	missing
CONFIG_USB_CONFIGFS_F_CCID	m	n	missing
CONFIG_USB_CONFIGFS_F_CDEV	m	n	missing
CONFIG_USB_CONFIGFS_F_DIAG	m	n	missing
CONFIG_USB_CONFIGFS_F_GSI	m	n	missing
CONFIG_USB_CONFIGFS_F_QDSS	m	n	missing
CONFIG_USB_DWC3_MSM	m	n	missing
CONFIG_USB_EHSET_TEST_FIXTURE	m	n	missing
CONFIG_USB_F_FS_IPC_LOGGING	m	n	missing
CONFIG_USB_LINK_LAYER_TEST	m	n	missing
CONFIG_USB_MSM_EUSB2_PHY	m	n	missing
CONFIG_USB_MSM_SSPHY_QMP	m	n	missing
CONFIG_USB_QCOM_EMU_PHY	m	n	missing
CONFIG_USB_REDRIVER_NB7VPQ904M	m	n	missing
CONFIG_USB_REPEATER	m	n	missing
CONFIG_VIRT_DRIVERS	y	y	enabled
CONFIG_WCNSS_MEM_PRE_ALLOC	m	n	missing
CONFIG_ZRAM	m	m	enabled
CONFIG_ZSMALLOC	m	m	enabled
